,titles,images,ratings,prices
0,"Lava Blaze Curve 5G (Glass Iron, 8GB LPDDR5 RAM, UFS 3.1 128GB Storage) | 120Hz Curved Amoled Display |2.6GHz Dimensity 7050 6nm Processor | 64 MP Primary Sony Sensor",https://m.media-amazon.com/images/I/61sEoRmsLlL._AC_UY218_.jpg,3.8 out of 5 stars,"16,999"
1,"OPPO F27 5G (Emerald Green, 8GB RAM, 256GB Storage) | 6.67"" FHD+ AMOLED Display|32MP Sony IMX615 Selfie Camera |AI Portrait Expert| 45W SUPERVOOC| with No Cost EMI/Additional Exchange Offers",https://m.media-amazon.com/images/I/81CFCXH1tVL._AC_UY218_.jpg,3.5 out of 5 stars,"24,999"
2,"Redmi 13C (Stardust Black, 4GB RAM, 128GB Storage) | Powered by 4G Mediatek Helio G85 | 90Hz Display | 50MP AI Triple Camera",https://m.media-amazon.com/images/I/71d1ytcCntL._AC_UY218_.jpg,4.1 out of 5 stars,"7,698"
3,"realme NARZO N61 (Voyage Blue,4GB RAM+64GB Storage) 90Hz Eye Comfort Display | IP54 Dust & Water Resistance | 48-Month Fluency | Charger in The Box",https://m.media-amazon.com/images/I/71k1NTr2TnL._AC_UY218_.jpg,3.9 out of 5 stars,"7,498"
4,"realme NARZO N61 (Voyage Blue,6GB RAM+128GB Storage) 90Hz Eye Comfort Display | IP54 Dust & Water Resistance | 48-Month Fluency | Charger in The Box",https://m.media-amazon.com/images/I/71k1NTr2TnL._AC_UY218_.jpg,3.9 out of 5 stars,"8,498"
5,POCO C65 (Pastel Blue 4GB RAM 128GB Storage),https://m.media-amazon.com/images/I/51Zjp5fq1EL._AC_UY218_.jpg,4.0 out of 5 stars,"6,998"
6,"Redmi 13C (Starshine Green, 4GB RAM, 128GB Storage) | Powered by 4G MediaTek Helio G85 | 90Hz Display | 50MP AI Triple Camera",https://m.media-amazon.com/images/I/71hj88T5aBL._AC_UY218_.jpg,4.1 out of 5 stars,"7,698"
7,"OnePlus Nord CE4 Lite 5G (Super Silver, 8GB RAM, 128GB Storage)",https://m.media-amazon.com/images/I/61Io5-ojWUL._AC_UY218_.jpg,4.1 out of 5 stars,"19,998"
8,"Redmi 13C 5G (Startrail Silver, 4GB RAM, 128GB Storage) | MediaTek Dimensity 6100+ 5G | 90Hz Display",https://m.media-amazon.com/images/I/81Z1scL6HvL._AC_UY218_.jpg,4.0 out of 5 stars,"10,498"
9,"Redmi 13C (Stardust Black, 6GB RAM, 128GB Storage) | Powered by 4G MediaTek Helio G85 | 90Hz Display | 50MP AI Triple Camera",https://m.media-amazon.com/images/I/71d1ytcCntL._AC_UY218_.jpg,4.1 out of 5 stars,Not available
10,"WeCool Auto Face Tracking Tripod,360° Rotation Mobile Holder for Smart Video&Photo Shooting with Remote,No App Needed,Gimbal Stabilizer with Gesture Control for Vlog,Streaming & Video Recording,Black",https://m.media-amazon.com/images/I/71QnHf0rOyL._AC_UY218_.jpg,4.1 out of 5 stars,"2,997"
11,"Lifelong 65W GaN Super Fast Wall Charger | 3- Port Output (2 Type C & 1 USB A) Compatible with Laptop (Dell, HP, Lenovo, MacBook), Phones- Samsung, One Plus, Oppo, Mi, Vivo, iPhone, &Tablets (Grey)",https://m.media-amazon.com/images/I/51jx+SDCp9L._AC_UY218_.jpg,No Rating,"1,899"
12,POCO C65 (Pastel Green 4GB RAM 128GB Storage),https://m.media-amazon.com/images/I/51NkHXXapeL._AC_UY218_.jpg,4.0 out of 5 stars,"6,998"
13,"OnePlus Nord CE 3 Lite 5G (Chromatic Gray, 8GB RAM, 128GB Storage)",https://m.media-amazon.com/images/I/61LB+d0vheL._AC_UY218_.jpg,4.2 out of 5 stars,"16,750"
14,"iQOO Z9 Lite 5G (Aqua Flow, 6GB RAM, 128GB Storage) | Dimensity 6300 5G | 50MP Sony AI Camera | Charger in The Box",https://m.media-amazon.com/images/I/61WZicN+coL._AC_UY218_.jpg,4.0 out of 5 stars,"11,498"
15,"realme NARZO N61 (Marble Black, 4GB RAM+64GB Storage) 90Hz Eye Comfort Display | IP54 Dust & Water Resistance | 48-Month Fluency | Charger in The Box",https://m.media-amazon.com/images/I/71-NQgckRZL._AC_UY218_.jpg,3.9 out of 5 stars,"7,498"
16,"realme NARZO 70x 5G (Ice Blue, 6GB RAM,128GB Storage)|120Hz Ultra Smooth Display|Dimensity 6100+ 6nm 5G|50MP AI Camera|45W Charger in The Box",https://m.media-amazon.com/images/I/71nMx5PxibL._AC_UY218_.jpg,4.0 out of 5 stars,"12,999"
17,"Redmi 13C (Starfrost White, 6GB RAM, 128GB Storage) | Powered by 4G MediaTek Helio G85 | 90Hz Display | 50MP AI Triple Camera",https://m.media-amazon.com/images/I/71scmEdSC2L._AC_UY218_.jpg,4.1 out of 5 stars,"8,498"
18,"Redmi 13C 5G (Startrail Green, 4GB RAM, 128GB Storage) | MediaTek Dimensity 6100+ 5G | 90Hz Display",https://m.media-amazon.com/images/I/81KFSdWCCEL._AC_UY218_.jpg,4.0 out of 5 stars,"10,498"
19,"iQOO Z9 Lite 5G (Mocha Brown, 6GB RAM, 128GB Storage) | Dimensity 6300 5G | 50MP Sony AI Camera | Charger in The Box",https://m.media-amazon.com/images/I/619VJYWIbXL._AC_UY218_.jpg,4.0 out of 5 stars,"11,498"
20,Amazon Brand - Solimo Silicone Mobile Cover for Apple iPhone 14 Pro (Silicon_Black),https://m.media-amazon.com/images/I/71mfzwGjNEL._AC_UY218_.jpg,4.3 out of 5 stars,249
21,ZedGear Wall Mounted Mobile Holder Storage Case for Remote with Charging Port & Adjustable Viewing Angle Mobile Stand/Multi Purpose Stand - White (Pack of 1),https://m.media-amazon.com/images/I/61P2L9FU0HL._AC_UY218_.jpg,4.2 out of 5 stars,129
22,"Lava Blaze Curve 5G (Glass Viridian, 8GB LPDDR5 RAM, UFS 3.1 128GB Storage) | 120Hz Curved Amoled Display |2.6GHz Dimensity 7050 6nm Processor |64 MP Primary Sony Sensor",https://m.media-amazon.com/images/I/61G7flmHtRL._AC_UY218_.jpg,3.8 out of 5 stars,"16,999"
23,"Stuffcool Neo 45 Pro Dual Port 45W PD PPS Type C Port with Super Fast Charging 2.0 for samsungs, Charges iPhones Pixels 50% in 30 mins, Charges Nothing Phones, MacBook Air with Type A 18W QC3 Output",https://m.media-amazon.com/images/I/416XBFK0bnL._AC_UY218_.jpg,No Rating,"1,999"
24,"realme NARZO N65 5G (Amber Gold 6GB RAM, 128GB Storage) India's 1st D6300 5G Chipset | Ultra Slim Design | 120Hz Eye Comfort Display | 50MP AI Camera| Charger in The Box",https://m.media-amazon.com/images/I/71ocQY+G2XL._AC_UY218_.jpg,4.1 out of 5 stars,"12,498"
25,"Samsung Galaxy M14 4G (Arctic Blue,4GB,64GB) | 50MP Triple Cam | 5000mAh Battery | Snapdragon 680 Processor | 2 Gen. OS Upgrade & 4 Year Security Update | 8GB RAM with RAM Plus | Without Charger",https://m.media-amazon.com/images/I/81juPhKSZJL._AC_UY218_.jpg,3.8 out of 5 stars,"8,261"
26,Redmi 12 5G Jade Black 8GB RAM 256GB ROM,https://m.media-amazon.com/images/I/71tCOhEigtL._AC_UY218_.jpg,4.0 out of 5 stars,"13,998"
27,"iQOO Z9s 5G (Titanium Matte, 8GB RAM, 128GB Storage) | 120 Hz 3D Curved AMOLED Display | 5500 mAh Ultra-Thin Battery | Dimesity 7300 5G Processor | Sony IMX882 OIS Camera with Aura Light",https://m.media-amazon.com/images/I/61BxKJrnbdL._AC_UY218_.jpg,4.2 out of 5 stars,"19,998"
28,"realme NARZO N65 5G (Deep Green 6GB RAM, 128GB Storage) India's 1st D6300 5G Chipset | Ultra Slim Design | 120Hz Eye Comfort Display | 50MP AI Camera| Charger in The Box",https://m.media-amazon.com/images/I/710qN4eow2L._AC_UY218_.jpg,4.1 out of 5 stars,"12,498"
29,Nokia G42 5G | Snapdragon® 480+ 5G | 50MP Triple AI Camera | 11GB RAM (6GB RAM + 5GB Virtual RAM) | 128GB Storage | 5000mAh Battery | 2 Years Android Upgrades | 20W Charger Included | So Grey,https://m.media-amazon.com/images/I/71oIjjNm+nL._AC_UY218_.jpg,3.9 out of 5 stars,"11,499"
30,"OnePlus Nord CE4 Lite 5G (Ultra Orange, 8GB RAM, 128GB Storage)",https://m.media-amazon.com/images/I/51KJE22BKrL._AC_UY218_.jpg,4.1 out of 5 stars,"19,998"
31,"realme NARZO N61 (Marble Black,6GB RAM+128GB Storage) 90Hz Eye Comfort Display | IP54 Dust & Water Resistance | 48-Month Fluency | Charger in The Box",https://m.media-amazon.com/images/I/71-NQgckRZL._AC_UY218_.jpg,3.9 out of 5 stars,"8,498"
32,"Spigen OneTap Universal Phone Holder for Car, 2023 Upgraded Two-Joint System, Adjustable Car Mount Mobile Cradle for Dashboard/Windscreen/Touchscreen Compatible with iPhone, Samsung, and More",https://m.media-amazon.com/images/I/71tEmIZyIyL._AC_UY218_.jpg,3.8 out of 5 stars,"2,274"
33,ROCKTECH® T95 Plus Android 11 | 8GB Ram 64GB ROM | Dual WiFi 2.4/5 Ghz | Bluetooth | RK3566 Processor | 4K Android Mini PC Box,https://m.media-amazon.com/images/I/51TQNwZo4YL._AC_UY218_.jpg,2.9 out of 5 stars,"7,999"
34,POCO C65 (Matte Black 4GB RAM 128GB Storage),https://m.media-amazon.com/images/I/51PQfSwIqyL._AC_UY218_.jpg,4.0 out of 5 stars,"6,998"
35,"TECNO Spark GO 1 (Glittery White, 4GB+64GB) | 4+ Years Lag Free Fluency | 6.67"" 120Hz Smooth Display | 8GB* Bigger RAM | in-Built Infrared Remote | Dual Speakers with DTS | AI Call Noise Reduction",https://m.media-amazon.com/images/I/61Mo4SaSfiL._AC_UY218_.jpg,3.0 out of 5 stars,"7,299"
36,"POCO M6 5G (Orion Blue, 6GB RAM, 128GB Storage)",https://m.media-amazon.com/images/I/71GKbs-kJ1L._AC_UY218_.jpg,3.9 out of 5 stars,"9,998"
37,"OnePlus 11R 5G (Galactic Silver, 8GB RAM, 128GB Storage)",https://m.media-amazon.com/images/I/613SAOPmLeL._AC_UY218_.jpg,4.4 out of 5 stars,"28,999"
38,"Redmi 13C 5G (Starlight Black, 4GB RAM, 128GB Storage) | MediaTek Dimensity 6100+ 5G | 90Hz Display",https://m.media-amazon.com/images/I/81nMsYgIHdL._AC_UY218_.jpg,4.0 out of 5 stars,"10,498"
39,"itel A50|6.6"" HD+ Display with Dynamic Bar| 3GB RAM +64GB ROM, Upto 8GB RAM with Memory Fusion|Octacore Processor|8MP AI Dual Rear Cam|5000 mAh Battery | Misty Black",https://m.media-amazon.com/images/I/71i5SeyO58L._AC_UY218_.jpg,3.8 out of 5 stars,"5,999"
40,"Lava Blaze 5G (Glass Green, 6GB RAM, UFS 2.2 128GB Storage) | 5G Ready | 50MP AI Triple Camera | Upto 11GB Expandable RAM | Charger Included | Clean Android (No Bloatware)",https://m.media-amazon.com/images/I/51jyWjssSAL._AC_UY218_.jpg,4.0 out of 5 stars,"9,299"
41,"realme GT 6T 5G (Fluid Silver,8GB RAM+128GB Storage) | India's 1st 7+ Gen 3 Flagship Chipset | 1.5M+AnTuTu Score | 5500mAh+120W | The World's Brightest Flagship Display",https://m.media-amazon.com/images/I/71ftthp966L._AC_UY218_.jpg,4.3 out of 5 stars,"30,998"
42,"HIFFIN HTR-34 Selfie Stick Tripod, 29” Professional Tripod with Wireless Remote, Portable Travel Tripod Stand Compatible with Smartphones & Cameras for Vlogging/Video Recording/Live Streaming",https://m.media-amazon.com/images/I/71YY7d9RYrL._AC_UY218_.jpg,3.8 out of 5 stars,998
43,Phonokart Qualcomm Quick Charge 3.0 Solo Smart Charger Micro,https://m.media-amazon.com/images/I/5164GQnq48L._AC_UY218_.jpg,No Rating,724
44,TSIM Thailand SIM Card for Tourist | 30GB Data | 5G Network with Hotspot/Tethering | Local & India Calls Included | DTAC International SIM Card |Valid for 15 Days.,https://m.media-amazon.com/images/I/81P7Zb5xmPL._AC_UY218_.jpg,4.4 out of 5 stars,"1,589"
45,"WeCool S2 Selfie Stick with Tripod Stand, 41 inch Selfie Stick with Wireless Remote, Detachable Mobile Holder, Bluetooth Selfie Stick Compatible for iPhone/Android, Ideal for Vlogging & Photo Shoot.",https://m.media-amazon.com/images/I/61LHQSZ68YL._AC_UY218_.jpg,4.0 out of 5 stars,699
46,"OnePlus Nord CE 3 Lite 5G (Chromatic Gray, 8GB RAM, 256GB Storage)",https://m.media-amazon.com/images/I/61LB+d0vheL._AC_UY218_.jpg,4.2 out of 5 stars,"18,310"
47,"iQOO Z9 Lite 5G (Aqua Flow, 4GB RAM, 128GB Storage) | Dimensity 6300 5G | 50MP Sony AI Camera | Charger in The Box",https://m.media-amazon.com/images/I/61WZicN+coL._AC_UY218_.jpg,4.0 out of 5 stars,"10,498"
48,Redmi 12 5G Pastel Blue 8GB RAM 256GB ROM,https://m.media-amazon.com/images/I/71UIZHHo5hL._AC_UY218_.jpg,4.0 out of 5 stars,"13,998"
49,"realme NARZO 70 Pro 5G (Glass Green, 8GB RAM,256GB Storage) Dimensity 7050 5G Chipset | Horizon Glass Design | Segment 1st Flagship Sony IMX890 OIS Camera",https://m.media-amazon.com/images/I/71-ZHpmFzDL._AC_UY218_.jpg,4.1 out of 5 stars,"18,998"
50,"iQOO Z9x 5G (Storm Grey, 6GB RAM, 128GB Storage) | Snapdragon 6 Gen 1 with 560k+ AnTuTu Score | 6000mAh Battery with 7.99mm Slim Design | 44W FlashCharge",https://m.media-amazon.com/images/I/61sY8BGOyEL._AC_UY218_.jpg,4.1 out of 5 stars,"14,498"
51,"Redmi 13C 5G (Starlight Black, 6GB RAM, 128GB Storage) | MediaTek Dimensity 6100+ 5G | 90Hz Display",https://m.media-amazon.com/images/I/81nMsYgIHdL._AC_UY218_.jpg,4.0 out of 5 stars,"11,998"
52,POCO C61 Ethereal Blue 4GB RAM 64GB ROM,https://m.media-amazon.com/images/I/712tqhtIw1L._AC_UY218_.jpg,3.9 out of 5 stars,"6,597"
53,"Motorola Edge 50 Fusion 5G (Hot Pink, 12GB RAM, 256GB Storage)",https://m.media-amazon.com/images/I/71m+dNHzoGL._AC_UY218_.jpg,4.2 out of 5 stars,"27,619"
54,"Spigen Onetap Universal Wireless Car Charger Mount, 15W Fast Charging Auto-Clamp For Air Vent, Silent Designed For Noiseless Mounting For Iphone, Samsung, Pixel Etc, Black",https://m.media-amazon.com/images/I/71o+HDv2rAL._AC_UY218_.jpg,3.2 out of 5 stars,"2,799"
55,Spigen Thin Fit P Back Cover Case Compatible with Galaxy Z Fold 5 (TPU + Poly Carbonate | Pearled Ivory),https://m.media-amazon.com/images/I/61eVy+0BJsL._AC_UY218_.jpg,3.8 out of 5 stars,"4,099"
56,"Redmi 13C (Starfrost White, 4GB RAM, 128GB Storage) | Powered by 4G MediaTek Helio G85 | 90Hz Display | 50MP AI Triple Camera",https://m.media-amazon.com/images/I/71scmEdSC2L._AC_UY218_.jpg,4.1 out of 5 stars,"7,698"
57,"POCO M6 5G (Galactic Black,6GB RAM, 128GB Storage) | MediaTek Dimensity 6100+ 5G Processor | 5000 mAh Battery + 18W Fast Charging | 50 MP AI Dual-Camera System & Side Fingerprint Sensor",https://m.media-amazon.com/images/I/71b0T9mkV3L._AC_UY218_.jpg,3.9 out of 5 stars,"9,998"
58,"Vivo T3 Lite 5G Smartphone (Vibrant Green, 6GB Ram 128GB Storage)",https://m.media-amazon.com/images/I/61VxzkiD1EL._AC_UY218_.jpg,2.6 out of 5 stars,"11,665"
59,"realme NARZO 70 Pro 5G (Glass Gold, 8GB RAM,256GB Storage) Dimensity 7050 5G Chipset | Horizon Glass Design | Segment 1st Flagship Sony IMX890 OIS Camera",https://m.media-amazon.com/images/I/71VwgEu6N6L._AC_UY218_.jpg,4.1 out of 5 stars,"18,998"
60,"Samsung Galaxy M15 5G (Blue Topaz,6GB RAM,128GB Storage)| 50MP Triple Cam| 6000mAh Battery| MediaTek Dimensity 6100+| 4 Gen. OS Upgrade & 5 Year Security Update| Super AMOLED Display| Without Charger",https://m.media-amazon.com/images/I/81BTRVfsuFL._AC_UY218_.jpg,3.8 out of 5 stars,"14,498"
61,"Oneplus Nord CE4 (Dark Chrome, 8GB RAM, 256GB Storage)",https://m.media-amazon.com/images/I/61g1pqSjAhL._AC_UY218_.jpg,4.2 out of 5 stars,"26,998"
62,"iQOO Z9s Pro 5G (Luxe Marble, 8GB RAM, 128GB Storage) | Snapdragon 7 Gen 3 Processor | 120 Hz Curved AMOLED Display with 4500 nits Local Peak Brightness | 5500 mAh Battery | AI Erase",https://m.media-amazon.com/images/I/61SnaL4+EFL._AC_UY218_.jpg,4.5 out of 5 stars,"24,998"
63,"Vivo T3 Lite 5G Smartphone (Majestic Black, 6GB Ram 128GB Storage)",https://m.media-amazon.com/images/I/51mJWpZRLmL._AC_UY218_.jpg,3.8 out of 5 stars,"11,676"
64,"Lifelong 65W GaN Super Fast Wall Charger | 3- Port Output (2 Type C & 1 USB A) Compatible with Laptop (Dell, HP, Lenovo, MacBook), Phones- Samsung, One Plus, Oppo, Mi, Vivo, iPhone, &Tablets (Pink)",https://m.media-amazon.com/images/I/51s6qjc-zvL._AC_UY218_.jpg,No Rating,"1,899"
65,"BOBO BM4 Jaw-Grip Waterproof Bike/Motorcycle/Scooter Mobile Phone Holder Mount, Ideal for Maps and GPS Navigation (Black)",https://m.media-amazon.com/images/I/41k5N1eGbjL._AC_UY218_.jpg,4.5 out of 5 stars,"1,199"
66,Spigen Mag Armor Magfit Back Cover Case Compatible with MagSafe Designed for iPhone 14 (TPU + Poly Carbonate | Matte Black),https://m.media-amazon.com/images/I/71j2S0ZRRaL._AC_UY218_.jpg,4.4 out of 5 stars,"2,199"
67,"ZORBES® Armband for Mobile Phone Running, Waterproof Reflective Phone Holder for Running for iPhone 14, 13, 12, Large capacity Arm Band with Card Holder for Within 7in 's Mobile",https://m.media-amazon.com/images/I/617o098zdJL._AC_UY218_.jpg,4.0 out of 5 stars,494
68,"Moto G85 5G (256, Olive Green, New)",https://m.media-amazon.com/images/I/71zoUhd6fXL._AC_UY218_.jpg,4.8 out of 5 stars,"21,300"
69,"Vivo T3x 5G (Crimson Bliss, 128 GB) (6 GB RAM)",https://m.media-amazon.com/images/I/81fIY-Cq9UL._AC_UY218_.jpg,5.0 out of 5 stars,"14,299"
70,"Samsung Galaxy M14 4G (Sapphire Blue,4GB,64GB) | 50MP Triple Cam | 5000mAh Battery | Snapdragon 680 Processor | 2 Gen. OS Upgrade & 4 Year Security Update | 8GB RAM with RAM Plus | Without Charger",https://m.media-amazon.com/images/I/913EiorAS0L._AC_UY218_.jpg,3.9 out of 5 stars,"8,274"
71,"Motorola G45 5G (Viva Magenta, 8GB RAM, 128GB Storage)",https://m.media-amazon.com/images/I/81kDmUnxBdL._AC_UY218_.jpg,No Rating,"14,730"
72,"Motorola G64 5G (Ice Lilac, 12GB RAM, 256GB Storage) | Expandable Upto 2TB | Upto 24GB RAM with RAM Boost | 50MP (OIS) + 8MP | 16MP Front Camera | MediaTek Dimensity 7025 Processor | 6000 mAh Battery",https://m.media-amazon.com/images/I/71ynZLgkkBL._AC_UY218_.jpg,3.8 out of 5 stars,"17,789"
73,"realme 12 5G (Woodland Green, 8GB RAM 128 GB Storage) | 108 MP 3X Zoom Portrait Camera | Trendy Watch Design | 45 W SUPERVOOC Charge | 5000 mAh Massive Battery | Dual Stereo Speakers | Dynamic Button",https://m.media-amazon.com/images/I/610rGG8jMsL._AC_UY218_.jpg,4.0 out of 5 stars,"15,530"
74,"Samsung Galaxy M15 5G (Celestial Blue,6GB RAM,128GB Storage)| 50MP Triple Cam| 6000mAh Battery|MediaTek Dimensity 6100+| 4 Gen. OS Upgrade & 5 Year Security Update|Super AMOLED Display|Without Charger",https://m.media-amazon.com/images/I/81HaKFx7EGL._AC_UY218_.jpg,3.8 out of 5 stars,"14,498"
75,"OnePlus Nord CE 3 Lite 5G (Pastel Lime, 8GB RAM, 128GB Storage)",https://m.media-amazon.com/images/I/61QRgOgBx0L._AC_UY218_.jpg,4.2 out of 5 stars,"16,650"
76,Ringke Fusion-X Compatible For iPhone 14 Case Cover Transparent Hard Back Soft Flexible TPU Bumper Scratch Resistant Shockproof Protection iPhone 14 Back Cover - Black,https://m.media-amazon.com/images/I/61Qji5qdN3L._AC_UY218_.jpg,4.2 out of 5 stars,"1,499"
77,"Pitaka Magnetic Phone Ring Holder Phone Grip Compatible with MagSafe Ring for iPhone 15/14/13/12 [MagEZ Grip, Moonrise]",https://m.media-amazon.com/images/I/51vB1b+VnJL._AC_UY218_.jpg,No Rating,"2,999"
78,"TECNO Spark 20C | Gravity Black, (8GB+128GB)| 50MP Main Camera + 8MP Selfie| 90Hz Dot-in Display with Dynamic Port & Dual Speakers with DTS| 5000mAh Battery |18W Type-C| Helio G36 Processor",https://m.media-amazon.com/images/I/61spXlBT2IL._AC_UY218_.jpg,3.9 out of 5 stars,"7,999"
79,"realme NARZO N63 (Leather Blue, 4GB RAM+128GB Storage) 45W Fast Charge | 5000mAh Durable Battery | 7.74mm Ultra Slim | 50MP AI Camera | AI Boost",https://m.media-amazon.com/images/I/81JjTw28j8L._AC_UY218_.jpg,4.0 out of 5 stars,"8,998"
80,"Motorola Edge 50 Fusion 5G (Hot Pink, 8GB RAM, 128GB Storage)",https://m.media-amazon.com/images/I/71m+dNHzoGL._AC_UY218_.jpg,4.2 out of 5 stars,"24,190"
81,"Redmi 13 5G, Orchid Pink, 6GB+128GB | India Debut SD 4 Gen 2 AE | 108MP Pro Grade Camera | 6.79in Largest Display in Segment",https://m.media-amazon.com/images/I/81Q9jpYOFdL._AC_UY218_.jpg,3.8 out of 5 stars,"13,998"
82,"Samsung Galaxy F15 5G (Jazzy Green, 6GB RAM, 128 GB Storage)",https://m.media-amazon.com/images/I/71ECv8YV3RL._AC_UY218_.jpg,3.8 out of 5 stars,"13,392"
83,"POCO M6 5G (Galactic Black, 4GB RAM, 128GB Storage) | MediaTek Dimensity 6100+ 5G Processor | 5000 mAh Battery + 18W Fast Charging | 50 MP AI Dual-Camera System & Side Fingerprint Sensor",https://m.media-amazon.com/images/I/717hl0-ljZL._AC_UY218_.jpg,3.9 out of 5 stars,"8,998"
84,Redmi 12 5G Moonstone Silver 8GB RAM 256GB ROM,https://m.media-amazon.com/images/I/61SmnheBBRL._AC_UY218_.jpg,4.0 out of 5 stars,"13,998"
85,"POCO M6 Pro 5G (Power Black, 4GB RAM, 128GB Storage) | Snapdragon 4 Gen 2 | 6.79"" Large Screen with 90Hz Refresh Rate | 50 MP Dual AI Camera",https://m.media-amazon.com/images/I/51dGqSFNrDL._AC_UY218_.jpg,3.8 out of 5 stars,"9,498"
86,"Rode SC7 3.5mm TRS to TRSS Patch Cable For Tablet, Smartphone (Red, Black, Grey)",https://m.media-amazon.com/images/I/51xAsrFSVaL._AC_UY218_.jpg,4.3 out of 5 stars,"1,196"
87,ONES Silicone Ultra-Thin Case For iPhone 12/12 Pro · Carbon Fiber Texture[Military-Grade Drop Protect Camera][Shockproof Slim Back Non-Slip Grip][Fingerprint Prevention]· Lightweight Cover Black,https://m.media-amazon.com/images/I/81gwZChwc8L._AC_UY218_.jpg,4.4 out of 5 stars,899
88,"OPPO F27 5G (Amber Orange, 8GB RAM, 256GB Storage) | 6.67"" FHD+ AMOLED Display|32MP Sony IMX615 Selfie Camera |AI Portrait Expert| 45W SUPERVOOC| with No Cost EMI/Additional Exchange Offers",https://m.media-amazon.com/images/I/81zSqgluuZL._AC_UY218_.jpg,3.5 out of 5 stars,"24,999"
89,Excelsior Premium Back Cover case 360 Degree Full Body Protection | Shockproof Armour for Samsung Galaxy M30 (Black),https://m.media-amazon.com/images/I/41VrAUpoZTL._AC_UY218_.jpg,5.0 out of 5 stars,849
90,"Redmi A3X (Olive Green, 3GB RAM, 64GB Storage) | Premium Halo Design | 90Hz Display | Powerful Octa Core Processor",https://m.media-amazon.com/images/I/81RRU5yR6eL._AC_UY218_.jpg,3.3 out of 5 stars,"6,799"
91,"iQOO Z9x 5G (Tornado Green, 6GB RAM, 128GB Storage) | Snapdragon 6 Gen 1 with 560k+ AnTuTu Score | 6000mAh Battery with 7.99mm Slim Design | 44W FlashCharge",https://m.media-amazon.com/images/I/61wHkeTOhWL._AC_UY218_.jpg,4.1 out of 5 stars,"14,498"
92,"realme NARZO 70x 5G (Forest Green, 8GB RAM,128GB Storage) | 120Hz Ultra Smooth Display | Dimensity 6100+ 6nm 5G | 50MP AI Camera | 45W Charger in The Box",https://m.media-amazon.com/images/I/71h8NUTmBOL._AC_UY218_.jpg,4.0 out of 5 stars,"14,998"
93,"Samsung Galaxy M35 5G (Thunder Grey,6GB RAM,128GB Storage)| Corning Gorilla Glass Victus+| AnTuTu Score 595K+ | Vapour Cooling Chamber | 6000mAh Battery | 120Hz Super AMOLED Display| Without Charger",https://m.media-amazon.com/images/I/81XXj6IKM8L._AC_UY218_.jpg,4.1 out of 5 stars,"19,998"
94,"Redmi 13 5G, Hawaiian Blue, 6GB+128GB | India Debut SD 4 Gen 2 AE | 108MP Pro Grade Camera | 6.79in Largest Display in Segment",https://m.media-amazon.com/images/I/81weRj535kL._AC_UY218_.jpg,3.8 out of 5 stars,"13,998"
95,"realme NARZO N65 5G (Deep Green 4GB RAM, 128GB Storage) India's 1st D6300 5G Chipset | Ultra Slim 190g Design | 120Hz Eye Comfort Display | 50MP AI Camera| Charger in The Box",https://m.media-amazon.com/images/I/710qN4eow2L._AC_UY218_.jpg,4.1 out of 5 stars,"11,498"
96,"realme NARZO 70 5G (Ice Blue,8GB RAM, 128GB Storage | Dimensity 7050 5G Chipset | 120Hz AMOLED Display | 50MP Primary Camera | 45W Charger in The Box",https://m.media-amazon.com/images/I/712qzWNmjFL._AC_UY218_.jpg,4.0 out of 5 stars,"16,999"
97,"Vivo T3x 5G (Celestial Green, 128 GB) (6 GB RAM)",https://m.media-amazon.com/images/I/81eJJYFsztL._AC_UY218_.jpg,4.4 out of 5 stars,"14,230"
98,AJUK® T95 Plus Android 11 | 8GB Ram 64GB ROM | Dual WiFi 2.4/5 Ghz | Bluetooth | RK3566 Processor | 4K Android Mini PC Box,https://m.media-amazon.com/images/I/51TQNwZo4YL._AC_UY218_.jpg,1.7 out of 5 stars,"7,999"
99,HANDL New York HANDLstick Yellow Grip and Stand for Smartphone,https://m.media-amazon.com/images/I/51QszzC-NnL._AC_UY218_.jpg,3.3 out of 5 stars,379
100,"TECNO Camon 20 Premier 5G (Dark Welkin, 8GB RAM,512GB Storage)|8GB Expandable RAM| Industry 1st 50MP RGBW-Pro Camera| Segment 1st 108MP Ultra-Wide Macro Lens |6.67"" 120Hz, 10bit AMOLED in-display",https://m.media-amazon.com/images/I/61fCMUcXtzL._AC_UY218_.jpg,4.0 out of 5 stars,"16,999"
101,"iQOO Z9x 5G (Storm Grey, 4GB RAM, 128GB Storage) | Snapdragon 6 Gen 1 with 560k+ AnTuTu Score | 6000mAh Battery with 7.99mm Slim Design | 44W FlashCharge",https://m.media-amazon.com/images/I/61sY8BGOyEL._AC_UY218_.jpg,4.1 out of 5 stars,"12,998"
102,"iQOO Z9 Lite 5G (Mocha Brown, 4GB RAM, 128GB Storage) | Dimensity 6300 5G | 50MP Sony AI Camera | Charger in The Box",https://m.media-amazon.com/images/I/619VJYWIbXL._AC_UY218_.jpg,4.0 out of 5 stars,"10,498"
103,"HONOR X9b 5G (Midnight Black, 8GB + 256GB) | India's First Ultra-Bounce Anti-Drop Curved AMOLED Display | 5800mAh Battery | 108MP Primary Camera | Without Charger",https://m.media-amazon.com/images/I/71dGNC6hjHL._AC_UY218_.jpg,3.8 out of 5 stars,"25,998"
104,"Samsung Galaxy S21 FE 5G (Graphite, 8GB RAM, 256GB Storage) with Snapdragon 888 Processor",https://m.media-amazon.com/images/I/81vqHyDCSCL._AC_UY218_.jpg,3.8 out of 5 stars,"26,999"
105,"Vivo Y27 (Burgundy Black, 6GB RAM, 128GB Storage) with No Cost EMI/Additional Exchange Offers",https://m.media-amazon.com/images/I/61gdyDHr9ZL._AC_UY218_.jpg,4.0 out of 5 stars,"10,999"
106,"Moto G85 5G (128, Cobalt Blue, New)",https://m.media-amazon.com/images/I/51lcV2EKggL._AC_UY218_.jpg,4.2 out of 5 stars,"19,600"
107,"Samsung Galaxy M35 5G (Moonlight Blue,6GB RAM,128GB Storage)| Corning Gorilla Glass Victus+| AnTuTu Score 595K+ | Vapour Cooling Chamber | 6000mAh Battery | 120Hz Super AMOLED Display| Without Charger",https://m.media-amazon.com/images/I/81K450cOJML._AC_UY218_.jpg,4.1 out of 5 stars,"19,998"
108,"HONOR PAD 8 30.4 cm (12"") 2K Display, Qualcomm Snapdragon 680, 6GB RAM, 128GB Storage, 8 Speakers, Android 12, Tuv Certified Eye Protection, Up to 14 Hours Battery, WiFi Tablet, Metal Body, Blue Hour",https://m.media-amazon.com/images/I/61v0diOacHL._AC_UY218_.jpg,4.3 out of 5 stars,"15,999"
109,"SkyTree Redmi 13C 4G, Robotic Sliding Camera Window Shock Proof Thunder Case, Dual Layer Hybrid Armor Back Cover Case with Kickstand for Xiaomi Poco C65 / Redmi 13C 4G - Blue",https://m.media-amazon.com/images/I/61IT+1a4PUL._AC_UY218_.jpg,5.0 out of 5 stars,499
110,"Ringke Fusion-X for iPhone 11 Pro Case Back Cover, [Military Drop Tested] Ergonomic Camo PC Back TPU Bumper Impact Resistant Protection for iPhone 11 Pro Back Cover Case - Stripe Black",https://m.media-amazon.com/images/I/919pfzEilDL._AC_UY218_.jpg,4.2 out of 5 stars,"1,699"
111,"Oneplus Open (Voyager Black, 16GB RAM, 512GB Storage)",https://m.media-amazon.com/images/I/719QmmyMLYL._AC_UY218_.jpg,4.5 out of 5 stars,"1,39,999"
112,"realme 12X 5G (Twilight Purple, 6GB RAM, 128GB Storage)",https://m.media-amazon.com/images/I/711kX064JHL._AC_UY218_.jpg,4.0 out of 5 stars,"12,999"
113,"Samsung Galaxy S21 FE 5G (Olive, 8GB RAM, 256GB Storage) with Snapdragon 888 Processor",https://m.media-amazon.com/images/I/815U7KIpuKL._AC_UY218_.jpg,3.8 out of 5 stars,"26,999"
114,"realme NARZO 70 5G (Forest Green,8GB RAM, 128GB Storage | Dimensity 7050 5G Chipset | 120Hz AMOLED Display | 50MP Primary Camera | 45W Charger in The Box",https://m.media-amazon.com/images/I/714BfLMFR6L._AC_UY218_.jpg,4.0 out of 5 stars,"16,998"
115,"realme 12x 5G (Woodland Green, 6GB RAM, 128GB Storage) | Upto 12GB (6+6GB) Dynamic RAM | Dimensity 6100+ Processor | 50 MP AI Camera | 7.69 mm Ultra-Slim Trendy Watch Design | 45 W SUPERVOOC Charge",https://m.media-amazon.com/images/I/717yx8s4prL._AC_UY218_.jpg,4.0 out of 5 stars,"12,758"
116,"Samsung Galaxy F15 5G (Groovy Violet, 6GB RAM, 128 GB Storage)",https://m.media-amazon.com/images/I/71zwWBcSUML._AC_UY218_.jpg,3.8 out of 5 stars,"13,538"
117,"TECNO POP 8 (Gravity Black, 4GB+64GB)| 90Hz Punch Hole Display with Dynamic Port & Dual Speakers with DTS| 5000mAh Battery |10W Type-C| Side Fingerprint Sensor| Octa-Core Processor",https://m.media-amazon.com/images/I/61wbxpNaD1L._AC_UY218_.jpg,4.1 out of 5 stars,"6,899"
118,"Samsung Galaxy F15 5G (Ash Black, 6GB RAM, 128 GB Storage)",https://m.media-amazon.com/images/I/71qFJqFePsL._AC_UY218_.jpg,3.8 out of 5 stars,"13,535"
119,"OnePlus 11R 5G (Solar Red, 8GB RAM, 128GB Storage)",https://m.media-amazon.com/images/I/71kyBaSG1-L._AC_UY218_.jpg,4.4 out of 5 stars,"29,999"
120,"Lifelong ZenCharge 20000 mAh 22.5 W Compact Pocket Size Power Bank with 6 Input/Output Port (Olive, Lithium Polymer, Fast Charging, Quick Charge 3.0 for Mobile, Earbuds, Smartwatch, Speaker, Tablet)",https://m.media-amazon.com/images/I/61shEn8ULoL._AC_UY218_.jpg,5.0 out of 5 stars,"2,099"
121,"ROGER Magnetic Car Suction Cup Phone Holder, 360° 3D Rotation, Universal Compatibility for All Cell Phones",https://m.media-amazon.com/images/I/61+YlaJI2nL._AC_UY218_.jpg,5.0 out of 5 stars,"1,850"
122,"Redmi 13C (Starshine Green, 6GB RAM, 128GB Storage) | Powered by 4G MediaTek Helio G85 | 90Hz Display | 50MP AI Triple Camera",https://m.media-amazon.com/images/I/71hj88T5aBL._AC_UY218_.jpg,4.1 out of 5 stars,"8,498"
123,"Moto G85 5G (8GB 128GB, Urban Grey, New)",https://m.media-amazon.com/images/I/51GD+ttTnBL._AC_UY218_.jpg,3.7 out of 5 stars,"19,520"
124,"Vivo T3 Lite 5G Smartphone (Vibrant Green, 4GB Ram 128GB Storage)",https://m.media-amazon.com/images/I/61VxzkiD1EL._AC_UY218_.jpg,3.5 out of 5 stars,"10,799"
125,"OnePlus Nord CE4 Lite 5G (Super Silver, 8GB RAM, 256GB Storage)",https://m.media-amazon.com/images/I/61Io5-ojWUL._AC_UY218_.jpg,4.1 out of 5 stars,"22,998"
126,"POCO X6 5G (Snowstorm White, 12 GB RAM 512 GB Storage)",https://m.media-amazon.com/images/I/51nR5QYbGQL._AC_UY218_.jpg,4.1 out of 5 stars,"21,998"
127,"OnePlus Nord CE4 Lite 5G (Mega Blue, 8GB RAM, 128GB Storage)",https://m.media-amazon.com/images/I/5155PFA2N+L._AC_UY218_.jpg,4.1 out of 5 stars,"19,998"
128,"realme NARZO 70 5G（Ice Blue,6GB RAM, 128GB Storage | Dimensity 7050 5G Chipset | 120Hz AMOLED Display | 50MP Primary Camera | 45W Charger in The Box",https://m.media-amazon.com/images/I/712qzWNmjFL._AC_UY218_.jpg,4.0 out of 5 stars,"15,999"
129,"Redmi 13 5G, Orchid Pink, 8GB+128GB | India Debut SD 4 Gen 2 AE | 108MP Pro Grade Camera | 6.79in Largest Display in Segment",https://m.media-amazon.com/images/I/81Q9jpYOFdL._AC_UY218_.jpg,3.8 out of 5 stars,"15,498"
130,Texum TMC-10 Car Mobile Charger 51W Car Power | 16 Fast Car Charger | Dual Output (18W USB + 33W Type C PD) | Fast Charging Adapter for iPhone & Android - White,https://m.media-amazon.com/images/I/61DsF3pe-jL._AC_UY218_.jpg,No Rating,723
131,"Texum TMC-20 Car Mobile Charger 20W Fast Car Charger Adapter | Dual Output | Type C PD 15W & Qualcomm Certified 3.0 5W | Compatible for iPhone, Smartphones, Tablets & More",https://m.media-amazon.com/images/I/61bymzCWVUL._AC_UY218_.jpg,No Rating,849
132,"HONOR Pad 9 with Free Bluetooth Keyboard, 12.1-Inch 2.5K Display, 8GB, 256GB Storage, Snapdragon 6 Gen 1 (4nm), 8 Speakers, Up-to 17 Hours, Android 13, WiFi Tablet, Metal Body, Gray",https://m.media-amazon.com/images/I/711rRUziI5L._AC_UY218_.jpg,4.3 out of 5 stars,"24,999"
133,Stuffcool Flow25 Dual Port 25W PPS PD Type C Port with 18W QC3.0 Type A Port Made in India Wall Charger,https://m.media-amazon.com/images/I/41t-cAGxY2L._AC_UY218_.jpg,3.8 out of 5 stars,699
134,"realme GT 6T 5G (Fluid Silver,12GB RAM+256GB Storage) | India's 1st 7+ Gen 3 Flagship Chipset | 1.5M + AnTuTu Score | 5500mAh+120W | The World's Brightest Flagship Display",https://m.media-amazon.com/images/I/71ftthp966L._AC_UY218_.jpg,4.3 out of 5 stars,"35,998"
135,"iQOO Z7 Pro 5G (Blue Lagoon, 8GB RAM, 256GB Storage) | 3D Curved AMOLED Display | 4nm MediaTek Dimesity 7200 5G Processor | 64MP Aura Light OIS Camera | Segment's Slimmest & Lightest Smartphone",https://m.media-amazon.com/images/I/61Id6WJDWqL._AC_UY218_.jpg,4.3 out of 5 stars,"21,999"
136,"Redmi Note 13 5G (Chromatic Purple, 6GB RAM, 128GB Storage)",https://m.media-amazon.com/images/I/71MGSe0lcML._AC_UY218_.jpg,3.7 out of 5 stars,"15,350"
137,"Redmi Note 13 5G (Arctic White, 12GB RAM, 256GB Storage) | 5G Ready | 120Hz Bezel-Less AMOLED | 7.mm Slimmest Note Ever | 108MP Pro-Grade Camera",https://m.media-amazon.com/images/I/71VW8LmqqPL._AC_UY218_.jpg,3.7 out of 5 stars,"19,998"
138,"Motorola razr 40 Ultra (Viva Magenta, 8GB RAM, 256GB Storage) | 3.6"" External AMOLED Display | 6.9"" AMOLED 165Hz Display | 32MP Selfie Camera |30W TurboPower Charging | Android 13",https://m.media-amazon.com/images/I/617WN7I3E4L._AC_UY218_.jpg,3.7 out of 5 stars,"44,999"
139,"realme NARZO N63 (Leather Blue, 4GB RAM+64GB Storage) 45W Fast Charge | 5000mAh Durable Battery | 7.74mm Ultra Slim | 50MP AI Camera | AI Boost",https://m.media-amazon.com/images/I/81JjTw28j8L._AC_UY218_.jpg,4.0 out of 5 stars,"8,498"
140,"realme NARZO 70x 5G (Ice Blue, 8GB RAM,128GB Storage)|120Hz Ultra Smooth Display|Dimensity 6100+ 6nm 5G|50MP AI Camera|45W Charger in The Box",https://m.media-amazon.com/images/I/711XMQxLlwL._AC_UY218_.jpg,4.0 out of 5 stars,"14,998"
141,"realme NARZO 70x 5G (Forest Green, 6GB RAM,128GB Storage| 120Hz Ultra Smooth Display | Dimensity 6100+ 6nm 5G | 50MP AI Camera | 45W Charger in The Box",https://m.media-amazon.com/images/I/71h8NUTmBOL._AC_UY218_.jpg,4.0 out of 5 stars,"12,999"
142,"Ringke Fusion-X for iPhone 11 Case Back Cover, [Military Drop Tested] Ergonomic Transparent PC Back TPU Bumper Impact Resistant Protection - Black",https://m.media-amazon.com/images/I/716CKsaBOCL._AC_UY218_.jpg,4.5 out of 5 stars,"1,349"
143,"Oneplus Open (Emerald Dusk, 16GB RAM, 512GB Storage)",https://m.media-amazon.com/images/I/71pKVhll1IL._AC_UY218_.jpg,4.2 out of 5 stars,"1,39,998"
144,"Nokia 2660 Flip 4G Volte keypad Phone with Dual SIM, Dual Screen, inbuilt MP3 Player & Wireless FM Radio | Black",https://m.media-amazon.com/images/I/61RBrScYUSL._AC_UY218_.jpg,3.9 out of 5 stars,"4,299"
145,"vivo Y18i (Space Black, 4GB RAM, 64GB Storage) with No Cost EMI/Additional Exchange Offers |Without Charger",https://m.media-amazon.com/images/I/61slrN5n-FL._AC_UY218_.jpg,2.9 out of 5 stars,"7,999"
146,"iQOO Z9s 5G (Onyx Green, 8GB RAM, 128GB Storage) | 120 Hz 3D Curved AMOLED Display | 5500 mAh Ultra-Thin Battery | Dimesity 7300 5G Processor | Sony IMX882 OIS Camera with Aura Light",https://m.media-amazon.com/images/I/61nO5YRaAxL._AC_UY218_.jpg,4.2 out of 5 stars,"19,998"
147,"realme C65 5G (Feather Green, 8GB RAM, 128GB Storage)",https://m.media-amazon.com/images/I/81jVmfYH8ZL._AC_UY218_.jpg,5.0 out of 5 stars,"12,799"
148,"iQOO Z9x 5G (Storm Grey, 8GB RAM, 128GB Storage) | Snapdragon 6 Gen 1 with 560k+ AnTuTu Score | 6000mAh Battery with 7.99mm Slim Design | 44W FlashCharge",https://m.media-amazon.com/images/I/61sY8BGOyEL._AC_UY218_.jpg,4.1 out of 5 stars,"15,998"
149,"Redmi 13C 5G (Starlight Black, 8GB RAM, 256GB Storage) | MediaTek Dimensity 6100+ 5G | 90Hz Display",https://m.media-amazon.com/images/I/81nMsYgIHdL._AC_UY218_.jpg,4.0 out of 5 stars,"13,998"
150,"OPPO F27 5G (Emerald Green, 8GB RAM, 256GB Storage) | 6.67"" FHD+ AMOLED Display|32MP Sony IMX615 Selfie Camera |AI Portrait Expert| 45W SUPERVOOC| with No Cost EMI/Additional Exchange Offers",https://m.media-amazon.com/images/I/81CFCXH1tVL._AC_UY218_.jpg,3.5 out of 5 stars,"24,999"
151,"Lava Agni 2 5G (Glass Viridian, 8GB RAM, 256GB Storage) | India's First Dimensity 7050 Processor | 120 Hz Curved Amoled Display | 13 5G Bands | Superfast 66W Charging | Clean Android",https://m.media-amazon.com/images/I/61OBw+XUiuL._AC_UY218_.jpg,4.1 out of 5 stars,"16,999"
152,Amazon Brand - Solimo Silicone Mobile Cover for Apple iPhone 12 (Silicon_Sapphire),https://m.media-amazon.com/images/I/71oHZrIAXGL._AC_UY218_.jpg,4.3 out of 5 stars,299
153,Spigen Thin Fit Pro Back Cover Case Compatible with Galaxy Z Fold 5 (TPU + Poly Carbonate | Crystal Clear),https://m.media-amazon.com/images/I/61tqy6oRFtL._AC_UY218_.jpg,3.8 out of 5 stars,"3,899"
154,"OPPO F27 5G (Emerald Green, 8GB RAM, 128GB Storage) | 6.67"" FHD+ AMOLED Display|32MP Sony IMX615 Selfie Camera |AI Portrait Expert| 45W SUPERVOOC| with No Cost EMI/Additional Exchange Offers",https://m.media-amazon.com/images/I/81CFCXH1tVL._AC_UY218_.jpg,3.5 out of 5 stars,"22,999"
155,Apple iPhone 15 (128 GB) - Black,https://m.media-amazon.com/images/I/71657TiFeHL._AC_UY218_.jpg,4.5 out of 5 stars,"69,900"
156,"iQOO 12 5G (Alpha, 16Gb Ram, 512Gb Storage) | India's 1St Snapdragon 8 Gen 3 Backcase for Mobile Platform | India's Only Flagship with 50Mp + 50Mp + 64Mp Camera, Black",https://m.media-amazon.com/images/I/61JUyx1-SbL._AC_UY218_.jpg,4.5 out of 5 stars,"57,998"
157,"realme NARZO N63 (Twilight Purple,4GB RAM+64GB Storage) 45W Fast Charge | 5000mAh Durable Battery | 7.74mm Ultra Slim | 50MP AI Camera | AI Boost",https://m.media-amazon.com/images/I/71ej8uLNzCL._AC_UY218_.jpg,4.0 out of 5 stars,"8,498"
158,"realme C65 5G (Feather Green, 128 GB) (6 GB RAM)",https://m.media-amazon.com/images/I/717OTCWgqoL._AC_UY218_.jpg,4.1 out of 5 stars,"12,200"
159,"realme NARZO 70 Pro 5G (Glass Green, 8GB RAM,128GB Storage) Dimensity 7050 5G Chipset | Horizon Glass Design | Segment 1st Flagship Sony IMX890 OIS Camera",https://m.media-amazon.com/images/I/71-ZHpmFzDL._AC_UY218_.jpg,4.1 out of 5 stars,"17,998"
160,realme C61 Safari Green 4GB 64GB,https://m.media-amazon.com/images/I/71OpXbqwOeL._AC_UY218_.jpg,4.0 out of 5 stars,"7,450"
161,"Redmi A3X (Starry White, 3GB RAM, 64GB Storage) | Premium Halo Design | 90Hz Display | Powerful Octa Core Processor",https://m.media-amazon.com/images/I/81eEiAv7TOL._AC_UY218_.jpg,3.3 out of 5 stars,"6,749"
162,"OnePlus Nord CE 2 5G (Bahamas Blue, 8GB RAM, 128GB Storage)",https://m.media-amazon.com/images/I/61+Q6Rh3OQL._AC_UY218_.jpg,4.3 out of 5 stars,"16,999"
163,"POCO M6 5G, Orion Blue (4GB, 64GB)",https://m.media-amazon.com/images/I/61uMH28XGWL._AC_UY218_.jpg,No Rating,"8,645"
164,"STHIRA® Car Charger, 120W Car Cigarette Lighter Splitter with QC3.0 & 3.1A USB Ports 12V/24V Car Charger Car Lighter Adapter with LED Voltage Display Car Charger Fast Charging for GPS Dash Cam Phone",https://m.media-amazon.com/images/I/519R50jUMWL._AC_UY218_.jpg,4.1 out of 5 stars,798
165,"CG MOBILE BMW Galaxy Z Flip 5 Case [Official Licensed] Signature Collection, Genuine Leather Case with Hot Stamp Lines Protective Case/Cover Designed for Galaxy Z Flip 5 (2023) - Black",https://m.media-amazon.com/images/I/51J9xsoUEdL._AC_UY218_.jpg,3.4 out of 5 stars,"3,499"
166,"OPPO A3X 5G (Starry Purple, 4GB RAM, 128GB Storage)|6.67” HD+ 120Hz Refresh Rate Screen | 45W SUPERVOOC|with No Cost EMI/Additional Exchange Offers",https://m.media-amazon.com/images/I/81Tx+kozw2L._AC_UY218_.jpg,3.7 out of 5 stars,"13,499"
167,"realme 12 Pro 5G (Navigator Beige, 8GB RAM 256 GB Storage)",https://m.media-amazon.com/images/I/714oelPJK0L._AC_UY218_.jpg,4.1 out of 5 stars,"23,999"
168,"Infinix HOT 40i (Starfall Green, 256 GB) (8 GB RAM)",https://m.media-amazon.com/images/I/61Ki1xlvlDL._AC_UY218_.jpg,4.1 out of 5 stars,"8,679"
169,Itel A70 Smartphone,https://m.media-amazon.com/images/I/719V+ugIWmL._AC_UY218_.jpg,3.9 out of 5 stars,"6,799"
170,"OnePlus Nord 4 5G (Oasis Green, 8GB RAM, 256GB Storage)",https://m.media-amazon.com/images/I/616wnQmPQ-L._AC_UY218_.jpg,4.2 out of 5 stars,"32,998"
171,"iQOO 9 5G (Phoenix, 12Gb Ram, 256Gb Storage) | Innovative Color Changing Technology | 120W Flashcharge Cellular Phoenix",https://m.media-amazon.com/images/I/51xqd7WvruL._AC_UY218_.jpg,3.9 out of 5 stars,"52,371"
172,"POCO M6 5G (Orion Blue, 4GB RAM, 128GB Storage) | MediaTek Dimensity 6100+ 5G Processor | 5000 mAh Battery + 18W Fast Charging | 50 MP AI Dual-Camera System & Side Fingerprint Sensor",https://m.media-amazon.com/images/I/71GKbs-kJ1L._AC_UY218_.jpg,3.9 out of 5 stars,"8,998"
173,"Redmi 13C 5G (Startrail Silver, 8GB RAM, 256GB Storage) | MediaTek Dimensity 6100+ 5G | 90Hz Display",https://m.media-amazon.com/images/I/81Z1scL6HvL._AC_UY218_.jpg,4.0 out of 5 stars,"13,998"
174,Spigen Tough Armor Magfit Back Cover Case Compatible with MagSafe Designed for iPhone 14 (TPU + Poly Carbonate | Black),https://m.media-amazon.com/images/I/616X-FOZsVL._AC_UY218_.jpg,4.6 out of 5 stars,"2,274"
175,"Pitaka Magnetic Phone Ring Holder Phone Grip Compatible with MagSafe Ring for iPhone 15/14/13/12 [MagEZ Grip, Black]",https://m.media-amazon.com/images/I/51INzzUfsNL._AC_UY218_.jpg,No Rating,"2,999"
176,Apple iPhone 15 Pro Max (1 TB) - Natural Titanium,https://m.media-amazon.com/images/I/81dT7CUY6GL._AC_UY218_.jpg,4.4 out of 5 stars,"1,89,400"
177,HANDL New York: Mint Green HANDLstick Grip and Stand for Smartphone,https://m.media-amazon.com/images/I/51CePbXzUDL._AC_UY218_.jpg,5.0 out of 5 stars,599
178,"OnePlus Nord CE 3 Lite 5G (Pastel Lime, 8GB RAM, 256GB Storage)",https://m.media-amazon.com/images/I/61QRgOgBx0L._AC_UY218_.jpg,4.2 out of 5 stars,"17,990"
179,"iQOO Z9 5G (Graphene Blue, 8GB RAM, 128GB Storage) | Dimensity 7200 5G Processor | Sony IMX882 OIS Camera | 120Hz AMOLED with 1800 nits Local Peak Brightness | 44W Charger in The Box",https://m.media-amazon.com/images/I/612JxXPJPPL._AC_UY218_.jpg,4.2 out of 5 stars,"19,998"
180,"Redmi 13C 5G (Startrail Green,6GB RAM, 128GB Storage) | MediaTek Dimensity 6100+ 5G | 90Hz Display",https://m.media-amazon.com/images/I/81KFSdWCCEL._AC_UY218_.jpg,4.0 out of 5 stars,"11,998"
181,"Lava O2 (Imperial Green, 8GB RAM, UFS 2.2 128GB Storage) |AG Glass Back|T616 Octacore Processor|18W Fast Charging|6.5 inch 90Hz Punch Hole Display|50MP AI Dual Camera|Upto 16GB Expandable RAM",https://m.media-amazon.com/images/I/51yudMdOb8L._AC_UY218_.jpg,3.7 out of 5 stars,"7,999"
182,"iQOO Z9s 5G (Onyx Green, 8GB RAM, 256GB Storage) | 120 Hz 3D Curved AMOLED Display | 5500 mAh Ultra-Thin Battery | Dimesity 7300 5G Processor | Sony IMX882 OIS Camera with Aura Light",https://m.media-amazon.com/images/I/61nO5YRaAxL._AC_UY218_.jpg,4.2 out of 5 stars,"21,998"
183,"realme C63 5G (Forest Green, 6GB RAM, 128GB Storage)",https://m.media-amazon.com/images/I/81kWQY4gOuL._AC_UY218_.jpg,No Rating,"11,798"
184,Redmi 13 5g Black Diamond 6GB 128GB,https://m.media-amazon.com/images/I/81ndCd07RuL._AC_UY218_.jpg,3.8 out of 5 stars,"13,998"
185,"iQOO Z9s Pro 5G (Luxe Marble, 8GB RAM, 256GB Storage) | Snapdragon 7 Gen 3 Processor | 120 Hz Curved AMOLED Display with 4500 nits Local Peak Brightness | 5500 mAh Battery | AI Erase",https://m.media-amazon.com/images/I/61SnaL4+EFL._AC_UY218_.jpg,4.5 out of 5 stars,"26,998"
186,Clefairy Cell Phone Holder Aluminum Alloy Cell Phones Storage Cabinet Wall Mounted Cell Phone Locker Cell Phone Box for Classroom Office Gym (24 Slots),https://m.media-amazon.com/images/I/51uKCPednCL._AC_UY218_.jpg,No Rating,"2,999"
187,ONES Ultra-Thin Case for iPhone Xs Max · Carbon Fiber Texture [Military-Grade Drop Protect Camera][Shockproof Slim Back Non-Slip Grip][Fingerprint Prevention] · Lightweight Cover Black,https://m.media-amazon.com/images/I/81utsamp3nL._AC_UY218_.jpg,4.4 out of 5 stars,899
188,"itel A50|6.6"" HD+ Display with Dynamic Bar| 3GB RAM +64GB ROM, Upto 8GB RAM with Memory Fusion|Octacore Processor|8MP AI Dual Rear Cam|5000 mAh Battery | Lime Green",https://m.media-amazon.com/images/I/61kpTcq7YQL._AC_UY218_.jpg,3.8 out of 5 stars,"5,999"
189,"OnePlus 12R (Cool Blue, 16GB RAM, 256GB Storage)",https://m.media-amazon.com/images/I/717JX3femML._AC_UY218_.jpg,4.4 out of 5 stars,"45,998"
190,"Redmi 13C 5G (Startrail Silver, 6GB RAM, 128GB Storage) | MediaTek Dimensity 6100+ 5G | 90Hz Display",https://m.media-amazon.com/images/I/81Z1scL6HvL._AC_UY218_.jpg,4.0 out of 5 stars,"11,998"
191,"Redmi Note 13 Pro+ (Fusion Black, 12GB RAM, 512GB Storage)",https://m.media-amazon.com/images/I/71nrf4zgq5L._AC_UY218_.jpg,3.9 out of 5 stars,"33,499"
192,"realme NARZO N63 (Twilight Purple,4GB RAM+128GB Storage) 45W Fast Charge | 5000mAh Durable Battery | 7.74mm Ultra Slim | 50MP AI Camera | AI Boost",https://m.media-amazon.com/images/I/71ej8uLNzCL._AC_UY218_.jpg,4.0 out of 5 stars,"8,998"
193,"Redmi 12(Pastel Blue, 6GB RAM, 128GB Storage) Without Offer",https://m.media-amazon.com/images/I/218u2xQXhbL._AC_UY218_.jpg,4.5 out of 5 stars,"9,925"
194,"Samsung Galaxy M35 5G (Daybreak Blue,6GB RAM,128GB Storage)| Corning Gorilla Glass Victus+| AnTuTu Score 595K+ | Vapour Cooling Chamber | 6000mAh Battery | 120Hz Super AMOLED Display| Without Charger",https://m.media-amazon.com/images/I/81bjSZL8tNL._AC_UY218_.jpg,4.1 out of 5 stars,"19,998"
195,"Redmi 13 5G, Black Diamond, 8GB+128GB | India Debut SD 4 Gen 2 AE | 108MP Pro Grade Camera | 6.79in Largest Display in Segment",https://m.media-amazon.com/images/I/81ndCd07RuL._AC_UY218_.jpg,3.8 out of 5 stars,"15,498"
196,"itel A50|6.6"" HD+ Display with Dynamic Bar| 3GB RAM +64GB ROM, Upto 8GB RAM with Memory Fusion|Octacore Processor|8MP AI Dual Rear Cam|5000 mAh Battery | Misty Black",https://m.media-amazon.com/images/I/71i5SeyO58L._AC_UY218_.jpg,3.8 out of 5 stars,"5,999"
197,Apple iPhone 13 (128GB) - Pink,https://m.media-amazon.com/images/I/61l9ppRIiqL._AC_UY218_.jpg,4.5 out of 5 stars,"51,999"
198,Apple iPhone 13 (128GB) - Midnight,https://m.media-amazon.com/images/I/61VuVU94RnL._AC_UY218_.jpg,4.5 out of 5 stars,"51,999"
199,"OPPO F27 5G (Amber Orange, 8GB RAM, 128GB Storage) | 6.67"" FHD+ AMOLED Display|32MP Sony IMX615 Selfie Camera |AI Portrait Expert| 45W SUPERVOOC| with No Cost EMI/Additional Exchange Offers",https://m.media-amazon.com/images/I/81zSqgluuZL._AC_UY218_.jpg,3.5 out of 5 stars,"22,999"
200,"Moto G85 5G (256, Cobalt Blue, New)",https://m.media-amazon.com/images/I/61hmOBpQh-L._AC_UY218_.jpg,4.0 out of 5 stars,"21,350"
201,"iQOO Z9s Pro 5G (Luxe Marble, 12GB RAM, 256GB Storage) | Snapdragon 7 Gen 3 Processor | 120 Hz Curved AMOLED Display with 4500 nits Local Peak Brightness | 5500 mAh Battery | AI Erase",https://m.media-amazon.com/images/I/61SnaL4+EFL._AC_UY218_.jpg,4.5 out of 5 stars,"28,999"
202,"OnePlus Nord CE 2 Lite 5G (Blue Tide, 6GB RAM, 128GB Storage)",https://m.media-amazon.com/images/I/61fDxgcyBDL._AC_UY218_.jpg,4.2 out of 5 stars,"16,987"
203,"Redmi 12C (Royal Blue, 4GB RAM, 64GB Storage) | High Performance Mediatek Helio G85 | Big 17cm(6.71) HD+ Display with 5000mAh(typ) Battery",https://m.media-amazon.com/images/I/81itQPVn-GL._AC_UY218_.jpg,3.9 out of 5 stars,Not available
204,"iQOO Neo9 Pro 5G (Fiery Red, 12GB RAM, 256GB Storage) | Snapdragon 8 Gen 2 Processor | Supercomputing Chip Q1 | Flagship Level Sony IMX920 Camera",https://m.media-amazon.com/images/I/718jcIFYaAL._AC_UY218_.jpg,4.4 out of 5 stars,"38,998"
205,"realme NARZO 70 Pro 5G (Glass Gold, 8GB RAM,128GB Storage) Dimensity 7050 5G Chipset | Horizon Glass Design | Segment 1st Flagship Sony IMX890 OIS Camera",https://m.media-amazon.com/images/I/71VwgEu6N6L._AC_UY218_.jpg,4.1 out of 5 stars,"17,998"
206,"OPPO F27 Pro+ 5G (Midnight Navy, 8GB RAM, 256GB Storage) | 6.7"" FHD+ AMOLED Toughest 3D Curved Display|64MP AI Featured Camera|IP69 | 67W SUPERVOOC| with No Cost EMI/Additional Exchange Offers",https://m.media-amazon.com/images/I/91wPh6RMcdL._AC_UY218_.jpg,4.0 out of 5 stars,"29,999"
207,"HONOR 200 5G (Moonlight White, 8GB + 256GB) | 6.7-inch AMOLED Quad-Curved Display | Dual OIS 50MP + 50MP + 12MP Camera | 50MP Selfie Camera | AI-Powered MagicOS 8.0 | Without Charger",https://m.media-amazon.com/images/I/71nro9DdXcL._AC_UY218_.jpg,4.4 out of 5 stars,"34,998"
208,ONES Silicone Ultra-Thin Case For iPhone 8 Plus/7 Plus · Carbon Fiber Texture[Military-Grade Drop Protect Camera][Shockproof Slim Back Non-Slip Grip][Fingerprint Prevention]· Lightweight Cover Black,https://m.media-amazon.com/images/I/81Vj034boXL._AC_UY218_.jpg,4.4 out of 5 stars,749
209,Spigen Mag Armor Magfit Back Cover Case Compatible with MagSafe Designed for iPhone 14 Pro Max (TPU + Poly Carbonate | Matte Black),https://m.media-amazon.com/images/I/71gHQN4VRiL._AC_UY218_.jpg,4.5 out of 5 stars,"1,924"
210,"OnePlus 12R (Cool Blue, 8GB RAM, 256GB Storage)",https://m.media-amazon.com/images/I/717JX3femML._AC_UY218_.jpg,4.4 out of 5 stars,"42,998"
211,"OnePlus Nord 4 5G (Oasis Green, 8GB RAM, 128GB Storage)",https://m.media-amazon.com/images/I/616wnQmPQ-L._AC_UY218_.jpg,4.2 out of 5 stars,"29,998"
212,"OnePlus Nord 4 5G (Obsidian Midnight, 12GB RAM, 256GB Storage)",https://m.media-amazon.com/images/I/61NbiB1GU-L._AC_UY218_.jpg,4.2 out of 5 stars,"35,998"
213,"Samsung Galaxy M15 5G (Celestial Blue,4GB RAM,128GB Storage)| 50MP Triple Cam| 6000mAh Battery|MediaTek Dimensity 6100+| 4 Gen. OS Upgrade & 5 Year Security Update|Super AMOLED Display|Without Charger",https://m.media-amazon.com/images/I/81HaKFx7EGL._AC_UY218_.jpg,3.8 out of 5 stars,"12,998"
214,"itel A50|6.6"" HD+ Display with Dynamic Bar| 3GB RAM +64GB ROM, Upto 8GB RAM with Memory Fusion|Octacore Processor|8MP AI Dual Rear Cam|5000 mAh Battery | Cyan Blue",https://m.media-amazon.com/images/I/71yijtbszvL._AC_UY218_.jpg,3.8 out of 5 stars,"5,999"
215,"OnePlus 11R 5G (Sonic Black, 8GB RAM, 128GB Storage)",https://m.media-amazon.com/images/I/61u9zN1HYCL._AC_UY218_.jpg,4.4 out of 5 stars,"28,999"
216,"Samsung Galaxy A35 5G (Awesome Iceblue, 8GB RAM, 128GB Storage) | Premium Glass Back | 50 MP Main Camera (OIS) | Nightography | IP67 | Corning Gorilla Glass Victus+ | sAMOLED with Vision Booster",https://m.media-amazon.com/images/I/71MBDTglV4L._AC_UY218_.jpg,3.6 out of 5 stars,"30,998"
217,POCO M6 Pro 5G (128 GB) (6 GB RAM) (Power Black),https://m.media-amazon.com/images/I/51dGqSFNrDL._AC_UY218_.jpg,3.8 out of 5 stars,"11,998"
218,"Redmi Note 13 5G (Arctic White, 6GB RAM, 128GB Storage) | 5G Ready | 120Hz Bezel-Less AMOLED | 7.mm Slimmest Note Ever | 108MP Pro-Grade Camera",https://m.media-amazon.com/images/I/71VW8LmqqPL._AC_UY218_.jpg,3.7 out of 5 stars,"16,998"
219,"pTron Dynamo Electra 10000mAh 22.5W Nano Power Bank, HyperVolt EV Batteries, 22.5W PD Fast Charging, supports Xiamo, Redmi, Samsung, iPhone, Oneplus, Oppo, Built-in Cables, 4 Output Ports(Black)",https://m.media-amazon.com/images/I/51T84CG2LaL._AC_UY218_.jpg,4.6 out of 5 stars,"1,599"
220,"pTron Dynamo Nergy 10000mAh 22.5W Fast Charging Power Bank, 20W PD Fast Charging, Supports Xiamo, Redmi, Samsung, iPhone, Oneplus, Oppo, 3 Outputs & 1 Input & Multiple Layers of Protection (Black)",https://m.media-amazon.com/images/I/61EgsLc2IwL._AC_UY218_.jpg,4.3 out of 5 stars,899
221,Apple iPhone 15 Pro (1 TB) - Blue Titanium,https://m.media-amazon.com/images/I/81SigpJN1KL._AC_UY218_.jpg,4.3 out of 5 stars,"1,75,300"
222,"Samsung Galaxy A15 5G (Blue, 8GB, 128GB Storage) | 50 MP Main Camera | Android 14 with One UI 6.0 | 16GB Expandable RAM | MediaTek Dimensity 6100+ | 5000 mAh Battery",https://m.media-amazon.com/images/I/71+0MKV37HL._AC_UY218_.jpg,3.9 out of 5 stars,"16,999"
223,POCO M6 Pro 5G (128 GB) (6 GB RAM) (Power Black),https://m.media-amazon.com/images/I/51dGqSFNrDL._AC_UY218_.jpg,3.8 out of 5 stars,"11,998"
224,Motorola G04s 4G (4GB RAM & 64GB Storage) (Sea Green),https://m.media-amazon.com/images/I/71m6VWbtCML._AC_UY218_.jpg,4.9 out of 5 stars,Not available
225,"OnePlus Nord CE 3 5G (Aqua Surge, 8GB RAM, 128GB Storage)",https://m.media-amazon.com/images/I/6175SlKKECL._AC_UY218_.jpg,4.2 out of 5 stars,"18,999"
226,"Nothing Phone (2a) 5G (Black, 8GB RAM, 256GB Storage) | 6.7"" AMOLED Display | 50MP (OIS) + 50 MP | 32 MP Front | Mediatek Dimensity 7200 Pro Processor | Glyph Interface | 45 W Charging 100% in 59 mins",https://m.media-amazon.com/images/I/4172-I2V+AL._AC_UY218_.jpg,4.2 out of 5 stars,"25,938"
227,"Samsung Galaxy M35 5G (Thunder Grey,8GB RAM,256GB Storage)| Corning Gorilla Glass Victus+| AnTuTu Score 595K+ | Vapour Cooling Chamber | 6000mAh Battery | 120Hz Super AMOLED Display| Without Charger",https://m.media-amazon.com/images/I/81XXj6IKM8L._AC_UY218_.jpg,4.1 out of 5 stars,"24,498"
228,"Vivo T3x 5G (Crimson Bliss, 128 GB) (6 GB RAM)",https://m.media-amazon.com/images/I/81m1SddJ6-L._AC_UY218_.jpg,3.7 out of 5 stars,"14,389"
229,"POCO M6 5G (Polaris Green, 6GB RAM, 128GB Storage) | MediaTek Dimensity 6100+ 5G Processor | 5000 mAh Battery + 18W Fast Charging | 50 MP AI Dual-Camera System & Side Fingerprint Sensor",https://m.media-amazon.com/images/I/61TMoKJHgLL._AC_UY218_.jpg,3.9 out of 5 stars,"9,998"
230,Spigen Tough Armor Back Cover Case for Samsung Galaxy S10 (TPU + Poly Carbonate | Gunmetal),https://m.media-amazon.com/images/I/51SrJAatTsL._AC_UY218_.jpg,4.6 out of 5 stars,"1,399"
231,"Odilia Height Adjustable Mobile Stand Holder for Tabletop, All Smartphone & Tablet Stand for Table, Sturdy Tabletop Desk Mobile Phone Holder for Watching & Recording, Black",https://m.media-amazon.com/images/I/51uEFKvh8VL._AC_UY218_.jpg,3.8 out of 5 stars,"1,249"
232,"Samsung Galaxy M35 5G (Moonlight Blue,8GB RAM,256GB Storage)| Corning Gorilla Glass Victus+| AnTuTu Score 595K+ | Vapour Cooling Chamber | 6000mAh Battery | 120Hz Super AMOLED Display| Without Charger",https://m.media-amazon.com/images/I/81K450cOJML._AC_UY218_.jpg,4.1 out of 5 stars,"24,498"
233,"OnePlus Nord CE4 Lite 5G (Mega Blue, 8GB RAM, 256GB Storage)",https://m.media-amazon.com/images/I/5155PFA2N+L._AC_UY218_.jpg,4.1 out of 5 stars,"22,998"
234,"Oneplus Nord CE4 (Celadon Marble, 8GB RAM, 128Gb Storage)",https://m.media-amazon.com/images/I/61nxQ62qglL._AC_UY218_.jpg,4.2 out of 5 stars,"24,998"
235,"iQOO Z9s 5G (Titanium Matte, 8GB RAM, 256GB Storage) | 120 Hz 3D Curved AMOLED Display | 5500 mAh Ultra-Thin Battery | Dimesity 7300 5G Processor | Sony IMX882 OIS Camera with Aura Light",https://m.media-amazon.com/images/I/61BxKJrnbdL._AC_UY218_.jpg,4.2 out of 5 stars,"21,998"
236,"Oneplus Nord CE4 (Dark Chrome, 8GB RAM, 128GB Storage)",https://m.media-amazon.com/images/I/61g1pqSjAhL._AC_UY218_.jpg,4.2 out of 5 stars,"24,998"
237,"POCO M6 5G (Galactic Black, 8GB RAM, 256GB Storage) | MediaTek Dimensity 6100+ 5G Processor | 5000 mAh Battery + 18W Fast Charging | 50 MP AI Dual-Camera System & Side Fingerprint Sensor",https://m.media-amazon.com/images/I/71b0T9mkV3L._AC_UY218_.jpg,3.9 out of 5 stars,"13,499"
238,"iQOO Z7 Pro 5G (Blue Lagoon, 8GB RAM, 128GB Storage) | 3D Curved AMOLED Display | 4nm MediaTek Dimesity 7200 5G Processor | 64MP Aura Light OIS Camera | Segment's Slimmest & Lightest Smartphone",https://m.media-amazon.com/images/I/61Id6WJDWqL._AC_UY218_.jpg,4.4 out of 5 stars,"20,999"
239,"Motorola Edge 50 Fusion 5G (Marshmallow Blue, 12GB RAM, 256GB Storage)",https://m.media-amazon.com/images/I/71XZP2Hm+5L._AC_UY218_.jpg,4.1 out of 5 stars,"26,775"
240,homekitch Mobile Phone Bracket | Car Phone Holder | Adjustable Phone Holder for All Mobile Phones Thickness<0.5Inch / 1.2cm (Pack of 2),https://m.media-amazon.com/images/I/71yIet70uyL._AC_UY218_.jpg,3.8 out of 5 stars,279
241,"Redmi Note 13 Pro (Scarlet Red, 8GB RAM, 128GB Storage) | 1.5K AMOLED | 200MP Hi-Res Camera | Flagship 4nm SD 7s Gen 2 | 67W TurboCharge",https://m.media-amazon.com/images/I/71r41+TT2UL._AC_UY218_.jpg,4.4 out of 5 stars,"21,980"
242,"pTron Dynamo Nergy 10000mAh 22.5W Fast Charging Power Bank, 20W PD Fast Charging, supports Xiamo, Redmi, Samsung, iPhone, Oneplus, Oppo, 3 Outputs & 1 Input & Multiple Layers of Protection (Green)",https://m.media-amazon.com/images/I/61lo5c-E-CL._AC_UY218_.jpg,4.3 out of 5 stars,899
243,Apple iPhone 15 Pro (256 GB) - Blue Titanium,https://m.media-amazon.com/images/I/81SigpJN1KL._AC_UY218_.jpg,4.3 out of 5 stars,"1,33,600"
244,"Samsung Galaxy M15 5G (Stone Grey,4GB RAM,128GB Storage)| 50MP Triple Cam| 6000mAh Battery| MediaTek Dimensity 6100+| 4 Gen. OS Upgrade & 5 Year Security Update| Super AMOLED Display| Without Charger",https://m.media-amazon.com/images/I/818Voe9yzCL._AC_UY218_.jpg,3.8 out of 5 stars,Not available
245,"Motorola G24 Power (Ink Blue, 4GB RAM, 128GB Storage) | Expandable Upto 1 TB | up to 8GB with RAM Boost | 50 MP Quad Pixel Camera | MediaTek Helio G85 | 6000 mAh Battery & 33 W TurboPower Charger",https://m.media-amazon.com/images/I/71TIhnmTxRL._AC_UY218_.jpg,3.8 out of 5 stars,"9,990"
246,"vivo Y18i (Gem Green, 4GB RAM, 64GB Storage) with No Cost EMI/Additional Exchange Offers |Without Charger",https://m.media-amazon.com/images/I/61zPXzehnrL._AC_UY218_.jpg,2.9 out of 5 stars,"7,999"
247,"Redmi Note 13 5G (Arctic White, 8GB RAM, 256GB Storage) | 5G Ready | 120Hz Bezel-Less AMOLED | 7.mm Slimmest Note Ever | 108MP Pro-Grade Camera",https://m.media-amazon.com/images/I/71VW8LmqqPL._AC_UY218_.jpg,3.7 out of 5 stars,"18,998"
248,"Motorola G84 5G (Midnight Blue, 12GB RAM, 256GB Storage) | 50MP (OIS) | 16MP Front Camera | Snapdragon 695 Processor | Ultra Premium Vegan Leather Design | Unbelievable 5G Speeds with 14 5G Bands",https://m.media-amazon.com/images/I/71KlgKqKAGL._AC_UY218_.jpg,4.1 out of 5 stars,"20,999"
249,HMD Crest Max 5G | Segment 1st 50 MP Front Cam | Triple Rear AI Cam with 64 MP Primary Sony Sensor | FHD+ OLED Display | 8 GB RAM & 256 GB Storage | Android 14 | 33W Fast Charger in Box | Deep Purple,https://m.media-amazon.com/images/I/61Q4lRPtMdL._AC_UY218_.jpg,3.7 out of 5 stars,"16,499"
250,"iQOO Z9s Pro 5G (Flamboyant Orange, 8GB RAM, 256GB Storage) | Snapdragon 7 Gen 3 Processor | 120 Hz Curved AMOLED Display with 4500 nits Local Peak Brightness | 5500 mAh Battery | AI Erase",https://m.media-amazon.com/images/I/711ZTkL0l8L._AC_UY218_.jpg,4.5 out of 5 stars,"26,998"
251,"realme NARZO N65 5G (Amber Gold 4GB RAM, 128GB Storage) India's 1st D6300 5G Chipset | Ultra Slim Design | 120Hz Eye Comfort Display | 50MP AI Camera| Charger in The Box",https://m.media-amazon.com/images/I/71ocQY+G2XL._AC_UY218_.jpg,4.1 out of 5 stars,"11,498"
252,"Vayro 20W PD/Type-C Adapter, Fast Charging for iPhone 15/15 Plus/15 Pro/15 Pro Max, iPhone 14/14 Plus/14 Pro/Max, iPhone 13/12/11 Series",https://m.media-amazon.com/images/I/41EhFfLtt7L._AC_UY218_.jpg,5.0 out of 5 stars,499
253,SPRIG Silicone Back Cover Case for Samsung Note 10 Lite - Charcoal Gray,https://m.media-amazon.com/images/I/610XA8e0wNS._AC_UY218_.jpg,3.6 out of 5 stars,899
254,"vivo Y58 5G (Himalayan Blue, 8GB RAM, 128GB Storage) with No Cost EMI/Additional Exchange Offers",https://m.media-amazon.com/images/I/61izqzXuH9L._AC_UY218_.jpg,4.1 out of 5 stars,"18,499"
255,"iQOO Z9 5G (Brushed Green, 8GB RAM, 128GB Storage) | Dimensity 7200 5G Processor | Sony IMX882 OIS Camera | 120Hz AMOLED with 1800 nits Local Peak Brightness | 44W Charger in The Box",https://m.media-amazon.com/images/I/61pt59LW-lL._AC_UY218_.jpg,4.2 out of 5 stars,"19,998"
256,"iQOO Z9s 5G (Titanium Matte, 12GB RAM, 256GB Storage) | 120 Hz 3D Curved AMOLED Display | 5500 mAh Ultra-Thin Battery | Dimesity 7300 5G Processor | Sony IMX882 OIS Camera with Aura Light",https://m.media-amazon.com/images/I/61BxKJrnbdL._AC_UY218_.jpg,4.2 out of 5 stars,"23,998"
257,"POCO M6 5G (Polaris Green, 4GB RAM, 128GB Storage) | MediaTek Dimensity 6100+ 5G Processor | 5000 mAh Battery + 18W Fast Charging | 50 MP AI Dual-Camera System & Side Fingerprint Sensor",https://m.media-amazon.com/images/I/61TMoKJHgLL._AC_UY218_.jpg,3.9 out of 5 stars,"8,998"
258,"Samsung Galaxy S21 FE 5G (Navy, 8GB RAM, 256GB Storage) with Snapdragon 888 Processor",https://m.media-amazon.com/images/I/81JHcYDLcHL._AC_UY218_.jpg,3.8 out of 5 stars,"27,990"
259,"Motorola Edge 50 Pro 5G with 125W Charger (Luxe Lavender, 256 GB) (12 GB RAM)",https://m.media-amazon.com/images/I/715aoVxQNTL._AC_UY218_.jpg,3.6 out of 5 stars,"33,755"
260,"realme NARZO N65 5G (Amber Gold 8GB RAM, 128GB Storage) India's 1st D6300 5G Chipset | Ultra Slim Design | 120Hz Eye Comfort Display | 50MP AI Camera| Charger in The Box",https://m.media-amazon.com/images/I/71ocQY+G2XL._AC_UY218_.jpg,4.1 out of 5 stars,"13,498"
261,"TECNO POP 8 (Alpenglow Gold, 4GB+64GB)| 90Hz Punch Hole Display with Dynamic Port & Dual Speakers with DTS| 5000mAh Battery |10W Type-C| Side Fingerprint Sensor| Octa-Core Processor",https://m.media-amazon.com/images/I/61luwQe5iiL._AC_UY218_.jpg,4.1 out of 5 stars,"6,899"
262,ONES Silicone Ultra-Thin Case For iPhone 12 Pro Max · Carbon Fiber Texture [Military-Grade Drop Protect Camera][Shockproof Slim Back Non-Slip Grip][Fingerprint Prevention] · Lightweight Cover Black,https://m.media-amazon.com/images/I/81T8UnsvPML._AC_UY218_.jpg,4.4 out of 5 stars,749
263,Excelsior Premium PU Leather Back case Cover with 360 Degree Full Body Protection | Shockproof for Samsung Galaxy Note 20 Ultra (Blue),https://m.media-amazon.com/images/I/616B3gJzdmL._AC_UY218_.jpg,4.6 out of 5 stars,849
264,Spigen Ultra Hybrid Back Cover Case for iPhone Xs | X (TPU + Poly Carbonate | Crystal Clear),https://m.media-amazon.com/images/I/61iySKbYWwL._AC_UY218_.jpg,4.3 out of 5 stars,863
265,Apple iPhone 15 Pro Max (512 GB) - Blue Titanium,https://m.media-amazon.com/images/I/81fxjeu8fdL._AC_UY218_.jpg,4.4 out of 5 stars,"1,70,600"
266,"OPPO A3 Pro 5G (Moonlight Purple, 8GB RAM, 128GB Storage)|6.67” HD+ 120Hz Refresh Rate Screen | 45W SUPERVOOC|with No Cost EMI/Additional Exchange Offers",https://m.media-amazon.com/images/I/81ZFLjC0JJL._AC_UY218_.jpg,4.0 out of 5 stars,"17,999"
267,"vivo Y28s 5G (Vintage Red, 6GB RAM, 128GB Storage) with No Cost EMI/Additional Exchange Offers",https://m.media-amazon.com/images/I/718RrecpkVL._AC_UY218_.jpg,4.0 out of 5 stars,"15,499"
268,"realme P1 5G (Phonix Red, 8GB RAM, 128GB Storage)",https://m.media-amazon.com/images/I/81dXoXYJoHL._AC_UY218_.jpg,4.0 out of 5 stars,"16,688"
269,"realme GT 6T 5G (Razor Green,8GB RAM+256GB Storage) | India's 1st 7+ Gen 3 Flagship Chipset | 1.5M + AnTuTu Score | 5500mAh+120W | The World's Brightest Flagship Display",https://m.media-amazon.com/images/I/71fhaUR7VGL._AC_UY218_.jpg,4.3 out of 5 stars,"32,998"
270,"Micromax in 2C (Silver, 32 GB) (3 GB RAM)",https://m.media-amazon.com/images/I/41aecKoJRuL._AC_UY218_.jpg,3.5 out of 5 stars,"5,790"
271,"Redmi A3X (Midnight Black, 3GB RAM, 64GB Storage) | Premium Halo Design | 90Hz Display | Powerful Octa Core Processor",https://m.media-amazon.com/images/I/714GaXJHGGL._AC_UY218_.jpg,3.3 out of 5 stars,"6,999"
272,"TECNO Camon 20 Premier 5G (Serenity Blue, 8GB RAM,512GB Storage)|8GB Expandable RAM| Industry 1st 50MP RGBW-Pro Camera| Segment 1st 108MP Ultra-Wide Macro Lens |6.67"" 120Hz, 10bit AMOLED in-Display",https://m.media-amazon.com/images/I/61SkyGjrDyL._AC_UY218_.jpg,4.0 out of 5 stars,"16,999"
273,Motorola G04s 4G (4GB RAM & 64GB Storage) (Satin Blue),https://m.media-amazon.com/images/I/71zhRSs0I+L._AC_UY218_.jpg,3.5 out of 5 stars,"7,990"
274,"KMW Mobile Stand S.S (90 X 65 X 85 mm), Steel, Medium",https://m.media-amazon.com/images/I/71oenJ8nXuS._AC_UY218_.jpg,3.0 out of 5 stars,549
275,"SkyTree Realme Narzo 70X 5G, Robotic Sliding Camera Window Shock Proof Thunder Case, Dual Layer Hybrid Armor Back Cover Case with Kickstand for Realme Narzo 70X 5G - Red",https://m.media-amazon.com/images/I/61A-zcmE6TL._AC_UY218_.jpg,No Rating,499
276,"TECNO Spark GO 1 (Startrail Black, 4GB+64GB) | 4+ Years Lag Free Fluency | 6.67"" 120Hz Smooth Display | 8GB* Bigger RAM | in-Built Infrared Remote | Dual Speakers with DTS | AI Call Noise Reduction",https://m.media-amazon.com/images/I/71w5+9NIkjL._AC_UY218_.jpg,3.0 out of 5 stars,"7,299"
277,"Samsung Galaxy M35 5G (Daybreak Blue,8GB RAM,128GB Storage)| Corning Gorilla Glass Victus+| AnTuTu Score 595K+ | Vapour Cooling Chamber | 6000mAh Battery | 120Hz Super AMOLED Display| Without Charger",https://m.media-amazon.com/images/I/81bjSZL8tNL._AC_UY218_.jpg,4.1 out of 5 stars,"21,498"
278,itel P55+ 4G | Upto 16GB RAM with Memory Fusion & 256GB ROM| 50MP AI Dual Rear Camera & 8MP Front Camera| 45W Charger with 5000 mAh Battery | Dynamic Bar|UFS 2.2| Royal Green,https://m.media-amazon.com/images/I/71ZTVhGMgoL._AC_UY218_.jpg,3.9 out of 5 stars,"7,999"
279,POCO C61 Mystical Green 4GB RAM 64GB ROM,https://m.media-amazon.com/images/I/71bQeLHQF-L._AC_UY218_.jpg,3.1 out of 5 stars,"6,598"
280,"OnePlus Nord 4 5G (Obsidian Midnight, 8GB RAM, 128GB Storage)",https://m.media-amazon.com/images/I/61NbiB1GU-L._AC_UY218_.jpg,4.2 out of 5 stars,"29,998"
281,"POCO M6 5G (Orion Blue, 8GB RAM, 256GB Storage) | MediaTek Dimensity 6100+ 5G Processor | 5000 mAh Battery + 18W Fast Charging | 50 MP AI Dual-Camera System & Side Fingerprint Sensor",https://m.media-amazon.com/images/I/71jkM1zB22L._AC_UY218_.jpg,3.9 out of 5 stars,"13,499"
282,"Vivo T3 Lite 5G Smartphone (Majestic Black, 4GB Ram 128GB Storage)",https://m.media-amazon.com/images/I/51mJWpZRLmL._AC_UY218_.jpg,3.5 out of 5 stars,"10,799"
283,"OnePlus Nord 4 5G (Obsidian Midnight, 8GB RAM, 256GB Storage)",https://m.media-amazon.com/images/I/61NbiB1GU-L._AC_UY218_.jpg,4.2 out of 5 stars,"32,998"
284,Apple iPhone 15 Pro (128 GB) - Blue Titanium,https://m.media-amazon.com/images/I/81SigpJN1KL._AC_UY218_.jpg,4.3 out of 5 stars,"1,24,200"
285,Spigen Ultra Hybrid Back Cover Case Compatible with Galaxy Z Fold 5 (TPU + Poly Carbonate | Crystal Clear),https://m.media-amazon.com/images/I/61xBYkURoCL._AC_UY218_.jpg,4.0 out of 5 stars,"3,144"
286,"pTron Dynamo Rush 10000mAh 22.5W PD Charging Nano Power Bank with HyperVolt EV Batteries, Fast Charging, supports Xiamo, Redmi, Samsung, iPhone, Oneplus, Oppo, 3 Output & 2 Input Ports (Black)",https://m.media-amazon.com/images/I/51ryi9usnlL._AC_UY218_.jpg,4.6 out of 5 stars,"1,499"
287,"AILKIN SUPERVOOC 65W Power Adapter- Ultra Fast Charger for OnePlus with True 65W PD Charging | Compatible with OnePlus 12/12R/11/11R/10/10R, Nord CE 3 Lite 5G, Nord 2T 5G, Nord CE 2 Lite 5G, Nord 5G",https://m.media-amazon.com/images/I/71mSiOFlseL._AC_UY218_.jpg,4.4 out of 5 stars,664
288,Redmi A3X Midnight Black 4GB RAM 128GB ROM,https://m.media-amazon.com/images/I/714GaXJHGGL._AC_UY218_.jpg,3.3 out of 5 stars,"7,695"
289,POCO C61 Diamond Dust Black 4GB RAM 64GB ROM,https://m.media-amazon.com/images/I/71fSTJ34SnL._AC_UY218_.jpg,3.3 out of 5 stars,"6,734"
290,"Samsung Galaxy A15 5G (Blue Black, 8GB, 256GB Storage) | 50 MP Main Camera | Android 14 with One UI 6.0 | 16GB Expandable RAM | MediaTek Dimensity 6100+ | 5000 mAh Battery",https://m.media-amazon.com/images/I/71QZyo8ekbL._AC_UY218_.jpg,3.5 out of 5 stars,"19,999"
291,"realme 12X 5G (Woodland Green, 8GB RAM, 128GB Storage)",https://m.media-amazon.com/images/I/717yx8s4prL._AC_UY218_.jpg,4.0 out of 5 stars,"14,490"
292,"iQOO Z9s Pro 5G (Flamboyant Orange, 12GB RAM, 256GB Storage) | Snapdragon 7 Gen 3 Processor | 120 Hz Curved AMOLED Display with 4500 nits Local Peak Brightness | 5500 mAh Battery | AI Erase",https://m.media-amazon.com/images/I/711ZTkL0l8L._AC_UY218_.jpg,4.5 out of 5 stars,"28,998"
293,"realme 12 5G (Twilight Purple, 8GB RAM 128 GB Storage) | 108 MP 3X Zoom Portrait Camera | Trendy Watch Design | 45 W SUPERVOOC Charge | 5000 mAh Massive Battery | Dual Stereo Speakers | Dynamic Button",https://m.media-amazon.com/images/I/71sjOl7U24L._AC_UY218_.jpg,4.0 out of 5 stars,"15,439"
294,"OPPO A3 Pro 5G (Moonlight Purple, 8GB RAM, 256GB Storage)|6.67” HD+ 120Hz Refresh Rate Screen | 45W SUPERVOOC|with No Cost EMI/Additional Exchange Offers",https://m.media-amazon.com/images/I/81ZFLjC0JJL._AC_UY218_.jpg,4.0 out of 5 stars,"19,999"
295,"Redmi Note 13 5G (Stealth Black, 12GB RAM, 256GB Storage) | 5G Ready | 120Hz Bezel-Less AMOLED | 7.mm Slimmest Note Ever | 108MP Pro-Grade Camera",https://m.media-amazon.com/images/I/71NnrsYP63L._AC_UY218_.jpg,3.7 out of 5 stars,"19,998"
296,"ADZOY Professional Series Adjustable 7 Foot Strong Metal Tripod Cum Selfie Stick (2 in 1) NP-688 for Cell Phone, Baking, Craft, Calligraphy, Drawing, Online Lesson, Video Recording",https://m.media-amazon.com/images/I/712q54RZT9L._AC_UY218_.jpg,4.0 out of 5 stars,"1,299"
297,"ESR for MagSafe Car Mount, Dashboard Magnetic Phone Holder for Car, 360°Rotation, Car Phone Holder for iPhone 16/15/14/13/12, Samsung, Strong Magnets, Gray (with 2 MagSafe Rings)",https://m.media-amazon.com/images/I/81bS8DPVmML._AC_UY218_.jpg,No Rating,"2,249"
298,"POCO X6 5G (Skyline Blue, 8 GB RAM 256 GB Storage)",https://m.media-amazon.com/images/I/61P4xUmXo7L._AC_UY218_.jpg,4.1 out of 5 stars,"18,998"
299,"OPPO A3X 5G (Sparkle Black, 4GB RAM, 128GB Storage)|6.67” HD+ 120Hz Refresh Rate Screen | 45W SUPERVOOC|with No Cost EMI/Additional Exchange Offers",https://m.media-amazon.com/images/I/81KH1T4WGGL._AC_UY218_.jpg,3.7 out of 5 stars,"13,499"
300,"realme 13 Pro 5G (256, Emerald Green, New)",https://m.media-amazon.com/images/I/81t9bTz-ymL._AC_UY218_.jpg,3.5 out of 5 stars,"24,799"
301,"TECNO POP 8 (Mystery White, 4GB+64GB)| 90Hz Punch Hole Display with Dynamic Port & Dual Speakers with DTS| 5000mAh Battery |10W Type-C| Side Fingerprint Sensor| Octa-Core Processor",https://m.media-amazon.com/images/I/61G6ef-AH-L._AC_UY218_.jpg,4.1 out of 5 stars,"6,899"
302,"iQOO Z9x 5G (Tornado Green, 8GB RAM, 128GB Storage) | Snapdragon 6 Gen 1 with 560k+ AnTuTu Score | 6000mAh Battery with 7.99mm Slim Design | 44W FlashCharge",https://m.media-amazon.com/images/I/61wHkeTOhWL._AC_UY218_.jpg,4.1 out of 5 stars,"15,998"
303,"Samsung Galaxy M35 5G (Daybreak Blue,8GB RAM,256GB Storage)| Corning Gorilla Glass Victus+| AnTuTu Score 595K+ | Vapour Cooling Chamber | 6000mAh Battery | 120Hz Super AMOLED Display| Without Charger",https://m.media-amazon.com/images/I/81bjSZL8tNL._AC_UY218_.jpg,4.1 out of 5 stars,"24,498"
304,"Nokia C01 Plus 4G, 5.45” HD+ Screen, Selfie Camera with Front Flash | 32GB Storage (Grey)",https://m.media-amazon.com/images/I/518LiVorF-L._AC_UY218_.jpg,3.5 out of 5 stars,"6,990"
305,"vivo Y18e (Space Black, 4GB RAM, 64GB Storage) with No Cost EMI/Additional Exchange Offers | Without Charger",https://m.media-amazon.com/images/I/61ZBxbrVF0L._AC_UY218_.jpg,3.8 out of 5 stars,"7,999"
306,Apple iPhone 15 (128 GB) - Pink,https://m.media-amazon.com/images/I/71v2jVh6nIL._AC_UY218_.jpg,4.5 out of 5 stars,"69,900"
307,Excelsior Premium PU Leather case with S Pen Holder | Slim Folio Stand Book Cover | Multi-Viewing Angles | for Samsung Galaxy Tab S7 (Coffee),https://m.media-amazon.com/images/I/71lMw9+AVnL._AC_UY218_.jpg,3.9 out of 5 stars,"1,899"
308,"pTron Dynamo Spark 10000mAh 22.5W Power Bank, Compact Size Fast Charging, 20W PD Fast Charging, supports Xiamo, Redmi, Samsung, iPhone, Oneplus, Oppo, 3 Output & 2 Input Ports (Blue)",https://m.media-amazon.com/images/I/51rYuXu3nxL._AC_UY218_.jpg,4.3 out of 5 stars,999
309,Apple iPhone 15 (128 GB) - Yellow,https://m.media-amazon.com/images/I/71REplb5oZL._AC_UY218_.jpg,4.5 out of 5 stars,"69,900"
310,"realme C53, Champion Gold, 4GB RAM, 128GB Storage",https://m.media-amazon.com/images/I/71HhsJ0BxAL._AC_UY218_.jpg,3.9 out of 5 stars,"9,990"
311,"TECNO Pova 5 Pro 5G (Silver Fantasy, 8GB RAM,256GB Storage)| Segment 1st 68W Ultra Fast Charging | India's 1st Multi-colored Backlit ARC Interface | 50MP AI Dual Camera |6.78”FHD+ Dot-in Display",https://m.media-amazon.com/images/I/61jmM8GL9BL._AC_UY218_.jpg,4.0 out of 5 stars,"15,999"
312,"OnePlus Nord 4 5G (Mercurial Silver, 12GB RAM, 256GB Storage)",https://m.media-amazon.com/images/I/61JOYUJbhcL._AC_UY218_.jpg,4.2 out of 5 stars,"35,998"
313,"Redmi 13C 5G (Startrail Green, 8GB RAM, 256GB Storage) | MediaTek Dimensity 6100+ 5G | 90Hz Display",https://m.media-amazon.com/images/I/81KFSdWCCEL._AC_UY218_.jpg,4.0 out of 5 stars,"13,998"
314,"itel A70 (4GB RAM, 64GB ROM) Upto 12GB RAM with Memory Fusion | 13MP Dual Rear Camera & 8MP Front Camera | 5000mAh with Type-C | Dynamic Bar | Side Fingerprint | Octa-Core Processor | Starlish Black",https://m.media-amazon.com/images/I/71DxW6Nx91L._AC_UY218_.jpg,3.9 out of 5 stars,"6,499"
315,"iQOO Z9x 5G (Tornado Green, 4GB RAM, 128GB Storage) | Snapdragon 6 Gen 1 with 560k+ AnTuTu Score | 6000mAh Battery with 7.99mm Slim Design | 44W FlashCharge",https://m.media-amazon.com/images/I/61wHkeTOhWL._AC_UY218_.jpg,4.1 out of 5 stars,"12,998"
316,"TECNO Pova 5 Pro 5G (Silver Fantasy, 8GB RAM,128GB Storage)| Segment 1st 68W Ultra Fast Charging | India's 1st Multi-colored Backlit ARC Interface | 50MP AI Dual Camera | 6.78”FHD+ Dot-in Display",https://m.media-amazon.com/images/I/61jmM8GL9BL._AC_UY218_.jpg,4.0 out of 5 stars,"14,999"
317,"POCO X6 Neo 5G (Martian Orange, 8GB RAM, 128GB Storage) | Dimensity 6080 Processor | 5000 mAh Battery + 33W Fast Charging | 108MP + 2MP Rear Camera & 16MP Front Camera",https://m.media-amazon.com/images/I/717kT9HNtOL._AC_UY218_.jpg,3.8 out of 5 stars,"13,999"
318,"SkyTree Shock Proof with Slide Camera Cover for Redmi 13C 4G, Kickstand in-Built | 360 Degree Protection Back Case Cover for Redmi 13C 4G - Red",https://m.media-amazon.com/images/I/61C83vvmNrL._AC_UY218_.jpg,No Rating,499
319,"Wingcel 68W Fast Car Charger with Dual Output, Dual Type-C & Dual USB-A Ports, PD 20W Type C, QC 3.0, Fast Charging, Adapter for iPhone & Android Smartphones and Tablets (Black)",https://m.media-amazon.com/images/I/41eF80CBKZL._AC_UY218_.jpg,5.0 out of 5 stars,799
320,"realme P1 5G (Peacock Green, 8GB RAM, 128GB Storage)",https://m.media-amazon.com/images/I/81bEtTGB4rL._AC_UY218_.jpg,4.0 out of 5 stars,"16,484"
321,"vivo Y28s 5G (Twinkling Purple, 6GB RAM, 128GB Storage) with No Cost EMI/Additional Exchange Offers",https://m.media-amazon.com/images/I/71h1UAV-XmL._AC_UY218_.jpg,4.0 out of 5 stars,"15,499"
322,"iQOO Z9s 5G (Onyx Green, 12GB RAM, 256GB Storage) | 120 Hz 3D Curved AMOLED Display | 5500 mAh Ultra-Thin Battery | Dimesity 7300 5G Processor | Sony IMX882 OIS Camera with Aura Light",https://m.media-amazon.com/images/I/61nO5YRaAxL._AC_UY218_.jpg,4.2 out of 5 stars,"23,998"
323,"Samsung Galaxy M30 (Metallic Blue, 3GB RAM, Super AMOLED Display, 32GB Storage, 5000mAH Battery)",https://m.media-amazon.com/images/I/81Xpn-TDy-L._AC_UY218_.jpg,4.2 out of 5 stars,"11,000"
324,"realme GT 6T 5G (Miracle Purple,12GB RAM+256GB Storage) | India's 1st 7+ Gen 3 Flagship Chipset | 1.5M + AnTuTu Score | 5500mAh+120W | The World's Brightest Flagship Display",https://m.media-amazon.com/images/I/71Uwv6PlzLL._AC_UY218_.jpg,4.3 out of 5 stars,"35,998"
325,"realme C61 4G (6 GB, 128GB Safari Green)",https://m.media-amazon.com/images/I/71OpXbqwOeL._AC_UY218_.jpg,3.6 out of 5 stars,"8,589"
326,itel A70 | 12GB* RAM + 64GB ROM| 13MP Dual Rear Camera & 8MP Front Camera | 5000mAh Battery with Type-C Charging | Dynamic Bar | Side Fingerprint Sensor | Octa-Core Processor | Azure Blue,https://m.media-amazon.com/images/I/61lEyQKBJdL._AC_UY218_.jpg,3.9 out of 5 stars,"6,499"
327,"Redmi Note 13 Pro (Midnight Black, 12GB RAM, 256GB Storage) Without Offer",https://m.media-amazon.com/images/I/61ck3UZH2HL._AC_UY218_.jpg,4.0 out of 5 stars,"23,885"
328,Dyazo Mobile Cooler | Mobile Cooling Pad | Gaming Fan | For Instant Cooling Advanced Refrigeration Chip & LED Temperature Display | Compatible For Android & Iphones | Black,https://m.media-amazon.com/images/I/61fkI1m2a5L._AC_UY218_.jpg,4.2 out of 5 stars,999
329,Apple iPhone 15 Pro Max (256 GB) - Natural Titanium,https://m.media-amazon.com/images/I/81dT7CUY6GL._AC_UY218_.jpg,4.4 out of 5 stars,"1,40,999"
330,Apple iPhone 15 (128 GB) - Blue,https://m.media-amazon.com/images/I/71d7rfSl0wL._AC_UY218_.jpg,4.5 out of 5 stars,"69,900"
331,"Redmi Note 13 5G (Stealth Black, 6GB RAM, 128GB Storage) | 5G Ready | 120Hz Bezel-Less AMOLED | 7.mm Slimmest Note Ever | 108MP Pro-Grade Camera",https://m.media-amazon.com/images/I/71NnrsYP63L._AC_UY218_.jpg,3.7 out of 5 stars,"16,998"
332,"Samsung Galaxy A34 5G (Awesome Lime, 8GB, 128GB Storage) Without Offer",https://m.media-amazon.com/images/I/61zrlz6qlRL._AC_UY218_.jpg,4.2 out of 5 stars,"21,310"
333,"Infinix Note 40 Pro 5G (Vintage Green, 256 GB) (8 GB RAM)",https://m.media-amazon.com/images/I/51-Unh3XuBL._AC_UY218_.jpg,3.1 out of 5 stars,"21,645"
334,"Redmi 13 5G, Hawaiian Blue, 8GB+128GB | India Debut SD 4 Gen 2 AE | 108MP Pro Grade Camera | 6.79in Largest Display in Segment",https://m.media-amazon.com/images/I/81GhaMvvHTL._AC_UY218_.jpg,3.8 out of 5 stars,"15,498"
335,"Lava Storm 5G (Thunder Black, 8GB RAM, 128GB ROM), Premium Glass Back Design, MediaTek Dimensity 6080 Processor, 50MP+8MP Ultrawide Dual Camera, 16MP Front Camera, 33W Fast Charging, Clean Android",https://m.media-amazon.com/images/I/61LGDAZD+wL._AC_UY218_.jpg,4.1 out of 5 stars,"12,499"
336,"Infinix Smart 8 HD (Black, 64 GB) 3GB RAM (Timber Black)",https://m.media-amazon.com/images/I/61CAb-haomL._AC_UY218_.jpg,3.9 out of 5 stars,"6,673"
337,"Lava Storm 5G(Gale Green,8GB RAM,128GB ROM)-Powered by MediaTek Dimensity 6080 Processor|120Hz FHD+ Display|50MP+8MP Ultrawide Camera|16MP FrontCamera|33W Fast Charging|Upto 16GB ExpandableRAM",https://m.media-amazon.com/images/I/71uOoXevxwL._AC_UY218_.jpg,4.1 out of 5 stars,"12,499"
338,"Samsung Galaxy A34 5G (Awesome Silver, 8GB, 128GB Storage) Without Offer",https://m.media-amazon.com/images/I/6167BWvv0dL._AC_UY218_.jpg,4.2 out of 5 stars,"21,990"
339,"realme NARZO N65 5G (Deep Green 8GB RAM, 128GB Storage) India's 1st D6300 5G Chipset | Ultra Slim 190g Design | 120Hz Eye Comfort Display | 50MP AI Camera| Charger in The Box",https://m.media-amazon.com/images/I/710qN4eow2L._AC_UY218_.jpg,4.1 out of 5 stars,"13,498"
340,"ORLOV® Mobile to TV Connector Compatible with Android, Mac iOS, Windows",https://m.media-amazon.com/images/I/41J91hVD2rS._AC_UY218_.jpg,2.9 out of 5 stars,"1,190"
341,"Walta Elite Panache 6 30W Car Charger With Dual Output, Super Fast Charging Compatiable With Samsung, Xiaomi, iphone, Macbook, ipad, Oppo, Vivo, Oneplus, Type -C/PD (Black)",https://m.media-amazon.com/images/I/61LRqU4PwJL._AC_UY218_.jpg,4.3 out of 5 stars,399
342,"Redmi Note 10S (Deep Sea Blue, 6GB RAM, 64GB Storage) - Super Amoled Display | 64 MP Quad Camera |33W Charger Included",https://m.media-amazon.com/images/I/81B0HJigO-L._AC_UY218_.jpg,4.2 out of 5 stars,"10,770"
343,"OnePlus Nord CE 2 Lite 5G (Black Dusk, 6GB RAM, 128GB Storage)",https://m.media-amazon.com/images/I/61K7ujVUm+L._AC_UY218_.jpg,4.2 out of 5 stars,"16,990"
344,"Vivo Y27 (Garden Green, 6GB RAM, 128GB Storage) with No Cost EMI/Additional Exchange Offers",https://m.media-amazon.com/images/I/61-8jooXyhL._AC_UY218_.jpg,4.0 out of 5 stars,"10,999"
345,"Motorola G64 5G (Mint Green, 12GB RAM, 256GB Storage) | Expandable Upto 2TB | Upto 24GB RAM with RAM Boost | 50MP (OIS) + 8MP | 16MP Front Camera | MediaTek Dimensity 7025 Processor | 6000 mAh Battery",https://m.media-amazon.com/images/I/71-QQkEiT0L._AC_UY218_.jpg,3.7 out of 5 stars,"17,218"
346,"OnePlus 12R (Iron Gray, 16GB RAM, 256GB Storage)",https://m.media-amazon.com/images/I/71XNeka-BRL._AC_UY218_.jpg,4.4 out of 5 stars,"45,998"
347,"Redmi Note 13 5G (Stealth Black, 8GB RAM, 256GB Storage) | 5G Ready | 120Hz Bezel-Less AMOLED | 7.mm Slimmest Note Ever | 108MP Pro-Grade Camera",https://m.media-amazon.com/images/I/71NnrsYP63L._AC_UY218_.jpg,3.7 out of 5 stars,"18,998"
348,"realme GT 6T 5G (Fluid Silver,8GB RAM+256GB Storage) | India's 1st 7+ Gen 3 Flagship Chipset | 1.5M + AnTuTu Score | 5500mAh+120W | The World's Brightest Flagship Display",https://m.media-amazon.com/images/I/71ftthp966L._AC_UY218_.jpg,4.3 out of 5 stars,"32,998"
349,"Vivo V40 5G Smartphone (Ganges Blue, 12GB RAM, 512GB Storage)",https://m.media-amazon.com/images/I/61EscB6YhKL._AC_UY218_.jpg,4.0 out of 5 stars,"41,160"
350,Apple iPhone 15 Pro Max (512 GB) - Natural Titanium,https://m.media-amazon.com/images/I/81dT7CUY6GL._AC_UY218_.jpg,4.4 out of 5 stars,"1,66,600"
351,Luteti Cell Phone Lock Box Cell Phone Storage Box for Classroom Phone Case Organizer Wall-Mounted & Desktop Phones Cabinet with Door Lock Label Key for Office School (24 Slots),https://m.media-amazon.com/images/I/51uKCPednCL._AC_UY218_.jpg,No Rating,"2,999"
352,Apple iPhone 15 Plus (128 GB) - Blue,https://m.media-amazon.com/images/I/71PjpS59XLL._AC_UY218_.jpg,4.6 out of 5 stars,"79,900"
353,Apple iPhone 15 Pro Max (512 GB) - Black Titanium,https://m.media-amazon.com/images/I/81Os1SDWpcL._AC_UY218_.jpg,4.4 out of 5 stars,"1,66,600"
354,"OnePlus 12R (Iron Gray, 16GB RAM, 256GB Storage)",https://m.media-amazon.com/images/I/71XNeka-BRL._AC_UY218_.jpg,4.4 out of 5 stars,"45,998"
355,"Redmi Note 13 5G (Stealth Black, 8GB RAM, 256GB Storage) | 5G Ready | 120Hz Bezel-Less AMOLED | 7.mm Slimmest Note Ever | 108MP Pro-Grade Camera",https://m.media-amazon.com/images/I/71NnrsYP63L._AC_UY218_.jpg,3.7 out of 5 stars,"18,998"
356,"realme GT 6T 5G (Fluid Silver,8GB RAM+256GB Storage) | India's 1st 7+ Gen 3 Flagship Chipset | 1.5M + AnTuTu Score | 5500mAh+120W | The World's Brightest Flagship Display",https://m.media-amazon.com/images/I/71ftthp966L._AC_UY218_.jpg,4.3 out of 5 stars,"32,998"
357,"Vivo V40 5G Smartphone (Ganges Blue, 12GB RAM, 512GB Storage)",https://m.media-amazon.com/images/I/61EscB6YhKL._AC_UY218_.jpg,4.0 out of 5 stars,"41,160"
358,"realme P1 5G (Phonix Red, 6GB RAM, 128GB Storage)",https://m.media-amazon.com/images/I/710XVU2QtDL._AC_UY218_.jpg,4.0 out of 5 stars,"15,490"
359,"OPPO F27 5G (Emerald Green, 8GB RAM, 128GB Storage) | 6.67"" FHD+ AMOLED Display|32MP Sony IMX615 Selfie Camera |AI Portrait Expert| 45W SUPERVOOC| with No Cost EMI/Additional Exchange Offers",https://m.media-amazon.com/images/I/81CFCXH1tVL._AC_UY218_.jpg,3.5 out of 5 stars,"22,999"
360,"iQOO Z9s Pro 5G (Flamboyant Orange, 8GB RAM, 128GB Storage) | Snapdragon 7 Gen 3 Processor | 120 Hz Curved AMOLED Display with 4500 nits Local Peak Brightness | 5500 mAh Battery | AI Erase",https://m.media-amazon.com/images/I/711ZTkL0l8L._AC_UY218_.jpg,4.5 out of 5 stars,"24,998"
361,"OPPO A3X 5G (Starlight White, 4GB RAM, 128GB Storage)|6.67” HD+ 120Hz Refresh Rate Screen | 45W SUPERVOOC|with No Cost EMI/Additional Exchange Offers",https://m.media-amazon.com/images/I/719YgMLrtjL._AC_UY218_.jpg,3.7 out of 5 stars,"13,499"
362,"Pitaka Magnetic Phone Ring Holder Phone Grip Compatible with MagSafe Ring for iPhone 15/14/13/12 [MagEZ Grip, Overture]",https://m.media-amazon.com/images/I/61BS0rq6OPL._AC_UY218_.jpg,No Rating,"2,999"
363,"pTron Dynamo Elite 10000mAh 22.5W Power Bank, 20W PD Fast Charging, Supports Xiamo, Redmi, Samsung, iPhone, Oneplus, Oppo, 3 Output & 2 Input Ports & Multiple Layers of Protection (Jet Black)",https://m.media-amazon.com/images/I/51DIz8A32UL._AC_UY218_.jpg,4.6 out of 5 stars,899
364,"Motorola g64 5G (Pearl Blue, 256 GB) (12 GB RAM)",https://m.media-amazon.com/images/I/51NbuznH3nL._AC_UY218_.jpg,3.5 out of 5 stars,"17,098"
365,SAMSUNG GALAXY S23 FE 5G (PURPLE 256 GB STORAGE) (8 GB RAM),https://m.media-amazon.com/images/I/610Q2I5Or8L._AC_UY218_.jpg,3.7 out of 5 stars,"40,499"
366,"POCO X6 5G (Mirror Black, 12 GB RAM 512 GB Storage)",https://m.media-amazon.com/images/I/51FFhrE2eYL._AC_UY218_.jpg,4.1 out of 5 stars,"21,998"
367,"TECNO Spark 20 PRO 5G (Glossy White, 8GB+256GB)| 108MP Ultra Clear Imaging | Super Ellipse Design | MTK D6080 5G Processor | 6.78"" 120Hz LTPS LCD Display | 5000mAh Battery with 33W Charger",https://m.media-amazon.com/images/I/61EkU-tLo6L._AC_UY218_.jpg,4.3 out of 5 stars,"16,999"
368,"Motorola G64 5G (Ice Lilac, 8GB RAM, 128GB Storage) | Expandable Upto 2TB | Upto 16GB RAM with RAM Boost | 50MP (OIS) + 8MP | 16MP Front Camera | MediaTek Dimensity 7025 Processor | 6000 mAh Battery",https://m.media-amazon.com/images/I/71ynZLgkkBL._AC_UY218_.jpg,4.0 out of 5 stars,"15,886"
369,Motorola G04s Sunrise Orange 4GB 64GB,https://m.media-amazon.com/images/I/41dWyIv6JyL._AC_UY218_.jpg,3.5 out of 5 stars,"7,650"
370,"Vivo Y200 5G Mobile (Jungle Green, 8GB RAM, 256GB Storage) with No Cost EMI/Additional Exchange Offers",https://m.media-amazon.com/images/I/51bhHLcul5L._AC_UY218_.jpg,3.9 out of 5 stars,"22,999"
371,"Motorola Edge 50 Pro 5G with 68W Charger (Luxe Lavender, 256 GB) (8 GB RAM)",https://m.media-amazon.com/images/I/715aoVxQNTL._AC_UY218_.jpg,3.9 out of 5 stars,Not available
372,"Redmi Note 13 5G (Chromatic Purple, 6GB RAM, 128GB Storage)",https://m.media-amazon.com/images/I/71MGSe0lcML._AC_UY218_.jpg,3.7 out of 5 stars,"15,350"
373,Apple iPhone 15 (256 GB) - Green,https://m.media-amazon.com/images/I/71nvkHnPpZL._AC_UY218_.jpg,4.5 out of 5 stars,"79,900"
374,Apple iPhone 15 Plus (128 GB) - Yellow,https://m.media-amazon.com/images/I/713d2it9mhL._AC_UY218_.jpg,4.6 out of 5 stars,"79,900"
375,"Odilia Tabletop Mobile Stand Holder for Table Portable Tablet Stand with Adjustable Height Cellphone Holder for All Smartphones, iPad, Tablets (Black)",https://m.media-amazon.com/images/I/416JEG27YfL._AC_UY218_.jpg,3.8 out of 5 stars,"1,249"
376,CMF BY NOTHING Phone 1 5G (128 GB) (6 GB RAM) (Orange),https://m.media-amazon.com/images/I/71wj5W+olHL._AC_UY218_.jpg,5.0 out of 5 stars,"16,490"
377,"OPPO A3X 5G (Starlight White, 4GB RAM, 128GB Storage)|6.67” HD+ 120Hz Refresh Rate Screen | 45W SUPERVOOC|with No Cost EMI/Additional Exchange Offers",https://m.media-amazon.com/images/I/719YgMLrtjL._AC_UY218_.jpg,3.7 out of 5 stars,"13,499"
378,"Vivo Y200e 5G (Black Diamond, 8GB RAM, 128GB Storage) with No Cost EMI/Additional Exchange Offers",https://m.media-amazon.com/images/I/61x1B80rNnL._AC_UY218_.jpg,4.1 out of 5 stars,"20,999"
379,"POCO X6 Neo 5G (Astral Black, 8GB RAM, 128GB Storage) | Dimensity 6080 Processor | 5000 mAh Battery + 33W Fast Charging | 108MP + 2MP Rear Camera & 16MP Front Camera",https://m.media-amazon.com/images/I/61Ml1nEENhL._AC_UY218_.jpg,3.8 out of 5 stars,"13,999"
380,"Motorola g64 5G (Pearl Blue, 256 GB) (12 GB RAM)",https://m.media-amazon.com/images/I/51NbuznH3nL._AC_UY218_.jpg,3.5 out of 5 stars,"17,098"
381,SAMSUNG GALAXY S23 FE 5G (PURPLE 256 GB STORAGE) (8 GB RAM),https://m.media-amazon.com/images/I/610Q2I5Or8L._AC_UY218_.jpg,3.7 out of 5 stars,"40,499"
382,"POCO X6 5G (Mirror Black, 12 GB RAM 512 GB Storage)",https://m.media-amazon.com/images/I/51FFhrE2eYL._AC_UY218_.jpg,4.1 out of 5 stars,"21,998"
383,"TECNO Spark 20 PRO 5G (Glossy White, 8GB+256GB)| 108MP Ultra Clear Imaging | Super Ellipse Design | MTK D6080 5G Processor | 6.78"" 120Hz LTPS LCD Display | 5000mAh Battery with 33W Charger",https://m.media-amazon.com/images/I/61EkU-tLo6L._AC_UY218_.jpg,4.3 out of 5 stars,"16,999"
384,"CLAUZIO Silicone Smart Phone Card Holder Pocket for Back of Phone,Stretchy Silicone Stick on Wallet Credit Card ID Case Pouch Sleeve 3M Adhesive Sticker with Flap for iPhone,Samsung or Any Smartphone",https://m.media-amazon.com/images/I/61OkcARYqIL._AC_UY218_.jpg,4.5 out of 5 stars,299
385,Spigen Ultra Hybrid Back Cover Case for Samsung Galaxy S22 (TPU + Poly Carbonate | Crystal Clear),https://m.media-amazon.com/images/I/61ro0KvtfrL._AC_UY218_.jpg,4.1 out of 5 stars,"1,799"
386,"Motorola G64 5G (Ice Lilac, 8GB RAM, 128GB Storage) | Expandable Upto 2TB | Upto 16GB RAM with RAM Boost | 50MP (OIS) + 8MP | 16MP Front Camera | MediaTek Dimensity 7025 Processor | 6000 mAh Battery",https://m.media-amazon.com/images/I/71ynZLgkkBL._AC_UY218_.jpg,4.0 out of 5 stars,"15,886"
387,Motorola G04s Sunrise Orange 4GB 64GB,https://m.media-amazon.com/images/I/41dWyIv6JyL._AC_UY218_.jpg,3.5 out of 5 stars,"7,650"
388,"realme 12+ 5G (Pioneer Green, 8GB RAM, 256GB Storage)",https://m.media-amazon.com/images/I/81dkPBU5S7L._AC_UY218_.jpg,3.8 out of 5 stars,"18,990"
389,"Vivo Y200 5G Mobile (Jungle Green, 8GB RAM, 256GB Storage) with No Cost EMI/Additional Exchange Offers",https://m.media-amazon.com/images/I/51bhHLcul5L._AC_UY218_.jpg,3.9 out of 5 stars,"22,999"
390,"Motorola Edge 50 Pro 5G with 68W Charger (Luxe Lavender, 256 GB) (8 GB RAM)",https://m.media-amazon.com/images/I/715aoVxQNTL._AC_UY218_.jpg,3.9 out of 5 stars,Not available
391,"realme P1 Pro 5G (Parrot Blue, 8GB RAM, 128GB Storage) | Up to 16 GB Dynamic RAM | Snapdragon 6 Gen 1 Processor | 6.7"" Curved AMOLED Display | 50MP + 8MP | 16MP Front Camera | IP65 Water Resistance",https://m.media-amazon.com/images/I/81ve7JbUOFL._AC_UY218_.jpg,4.0 out of 5 stars,"17,795"
392,realme C63 Jade Green 4GB 128GB,https://m.media-amazon.com/images/I/71cZCONIloL._AC_UY218_.jpg,3.4 out of 5 stars,"8,990"
393,"realme 13 Pro 5G (512, Emerald Green, New)",https://m.media-amazon.com/images/I/817QFGOqiSL._AC_UY218_.jpg,1.0 out of 5 stars,"27,649"
394,"Redmi Note 13 Pro (Coral Purple, 8GB RAM, 128GB Storage) | 1.5K AMOLED | 200MP Hi-Res Camera | Flagship 4nm SD 7s Gen 2 | 67W TurboCharge",https://m.media-amazon.com/images/I/71aiqeP-APL._AC_UY218_.jpg,4.0 out of 5 stars,"24,998"
395,Apple iPhone 15 Pro (512 GB) - White Titanium,https://m.media-amazon.com/images/I/81qlME2wWmL._AC_UY218_.jpg,4.3 out of 5 stars,"1,56,400"
396,Apple iPhone 14 Plus (128 GB) - Midnight,https://m.media-amazon.com/images/I/61B0+qQriPL._AC_UY218_.jpg,4.5 out of 5 stars,"64,999"
397,Apple iPhone 15 Plus (128 GB) - Pink,https://m.media-amazon.com/images/I/71bErtQPC3L._AC_UY218_.jpg,4.6 out of 5 stars,"79,900"
398,Motorola G04s Satin Blue 4GB 64GB,https://m.media-amazon.com/images/I/51xLZ7PsCZL._AC_UY218_.jpg,4.0 out of 5 stars,"8,151."
399,"Samsung Galaxy F15 5G (Ash Black, 4GB RAM, 128 GB Storage)",https://m.media-amazon.com/images/I/71yiuDTAYgL._AC_UY218_.jpg,2.5 out of 5 stars,"12,149"
400,"Samsung Galaxy A55 5G (Awesome Navy, 12GB RAM, 256GB Storage) | Metal Frame | 50 MP Main Camera (OIS) | Nightography | IP67 | Corning Gorilla Glass Victus+ | sAMOLED with Vision Booster",https://m.media-amazon.com/images/I/71EeBkydf9L._AC_UY218_.jpg,4.0 out of 5 stars,"45,999"
401,"Oneplus Nord CE4 (Celadon Marble, 8GB RAM, 256GB Storage)",https://m.media-amazon.com/images/I/61nxQ62qglL._AC_UY218_.jpg,4.2 out of 5 stars,"26,998"
402,"itel A50|6.6"" HD+ Display with Dynamic Bar| 3GB RAM +64GB ROM, Upto 8GB RAM with Memory Fusion|Octacore Processor|8MP AI Dual Rear Cam|5000 mAh Battery | Shimmer Gold",https://m.media-amazon.com/images/I/71wZy0ZHFHL._AC_UY218_.jpg,3.8 out of 5 stars,"5,999"
403,"Infinix Hot 40i, Palm Blue (8GB, 256GB)",https://m.media-amazon.com/images/I/61C5ZFmVQnL._AC_UY218_.jpg,3.5 out of 5 stars,"8,718"
404,"TECNO POVA 6 PRO 5G (Meteorite Grey, 12GB+256GB) | 108MP Camera + 32MP Selfie Camera | 120Hz Dot-in AMOLED Display | Dual Speakers with Dolby Atmos | 6000mAh & 70W Charger | Arc Interface",https://m.media-amazon.com/images/I/61It5BxezPL._AC_UY218_.jpg,3.8 out of 5 stars,"21,999"
405,"Samsung Galaxy F55 5G (Raisin Black, 128 GB) (8 GB RAM)",https://m.media-amazon.com/images/I/71qq0q4EIzL._AC_UY218_.jpg,2.3 out of 5 stars,"19,350"
406,"pTron Dynamo Arc 10000mAh 22.5W USB Fast Charging Nano Magnetic Power Bank, 15W Magnetic Wireless Charging, 20W PD/Type C Fast Charging, 3 Outputs/1 Input & Multiple Layers of Protection (Black)",https://m.media-amazon.com/images/I/5135eLi046L._AC_UY218_.jpg,4.6 out of 5 stars,"1,399"
407,AJUK® V88 Android 10 | 4GB Ram 32GB ROM | Dual WiFi 2.4/5 Ghz | H616 Processor | 4K Android Mini PC Box,https://m.media-amazon.com/images/I/41UGazGMCeL._AC_UY218_.jpg,1.7 out of 5 stars,"3,399"
408,"Motorola G45 5G (Brilliant Blue, 8GB RAM, 128GB Storage)",https://m.media-amazon.com/images/I/81dl4dQY3BL._AC_UY218_.jpg,No Rating,"14,490"
409,"realme C61 4G (64, Marble Black, New)",https://m.media-amazon.com/images/I/71M4NxFn3aL._AC_UY218_.jpg,5.0 out of 5 stars,"7,390"
410,"itel P55 5G (6GB RAM, 128GB ROM) Upto 12GB RAM with Memory Fusion | Dimensity 6080 | 50MP AI Dual Rear Camera | 5000mAh Battery | 2 Years Warranty | Mint Green",https://m.media-amazon.com/images/I/71UxGrhiy+L._AC_UY218_.jpg,4.0 out of 5 stars,"9,999"
411,"Nothing Phone (2a) 5G (Blue, 8GB RAM, 256GB Storage) | 6.7"" AMOLED Display | 50MP (OIS) + 50 MP | 32 MP Front | Mediatek Dimensity 7200 Pro Processor | Glyph Interface | 45 W Charging 100% in 59 mins",https://m.media-amazon.com/images/I/41k+AXTgkOL._AC_UY218_.jpg,4.2 out of 5 stars,"25,245"
412,"realme 13 Pro 5G (512, Monet Gold, New)",https://m.media-amazon.com/images/I/71ul-uyRF1L._AC_UY218_.jpg,No Rating,"30,998"
413,CMF BY NOTHING Phone 1 5G (128 GB) (8 GB RAM) (Orange),https://m.media-amazon.com/images/I/71wj5W+olHL._AC_UY218_.jpg,5.0 out of 5 stars,"17,629"
414,"Redmi Note 13 5G (Chromatic Purple, 12GB RAM, 256GB Storage)",https://m.media-amazon.com/images/I/71MGSe0lcML._AC_UY218_.jpg,3.7 out of 5 stars,"19,099"
415,Lava Blaze X 5G - Titanium Grey (8GB RAM | 128GB Storage) - Segment First 5G Curved AMOLED Display* | 64MP Sony Sensor Camera | Upto 16GB Expandable RAM | Latest MediaTek 5G Processor,https://m.media-amazon.com/images/I/61QrADCsn8L._AC_UY218_.jpg,3.7 out of 5 stars,"16,999"
416,XPR3SS 120W Car Charger 4 in 1 Fast Car Phone Charger with Retractable Cables 2 USB Ports Compatible with iPhone 15/14/13/12/11 Samsung Type C + Lightening 65W Car Charger,https://m.media-amazon.com/images/I/71MJkiePEoL._AC_UY218_.jpg,5.0 out of 5 stars,"1,975"
417,Apple iPhone 15 (512 GB) - Yellow,https://m.media-amazon.com/images/I/71REplb5oZL._AC_UY218_.jpg,4.5 out of 5 stars,"99,900"
418,"Lava O2 (Imperial Green, 8GB RAM, UFS 2.2 128GB Storage) |AG Glass Back|T616 Octacore Processor|18W Fast Charging|6.5 inch 90Hz Punch Hole Display|50MP AI Dual Camera|Upto 16GB Expandable RAM",https://m.media-amazon.com/images/I/51yudMdOb8L._AC_UY218_.jpg,3.7 out of 5 stars,"7,999"
419,"Walta Elite Car Charger with Digital Dispaly 36W Charging for Cellular Phones | Dual Port -Type C and USB Output | USB Cable Not Included, Black",https://m.media-amazon.com/images/I/613tcxeKW+L._AC_UY218_.jpg,4.2 out of 5 stars,599
420,"Motorola Edge 50 Fusion 5G (Marshmallow Blue, 8GB RAM, 128GB Storage)",https://m.media-amazon.com/images/I/71XZP2Hm+5L._AC_UY218_.jpg,3.9 out of 5 stars,"24,050"
421,"Redmi Note 10S (Frost White, 8GB RAM,128 GB Storage) - Super Amoled Display | 64 MP Quad Camera | Alexa Built in | 33W Charger Included",https://m.media-amazon.com/images/I/81leb5g4asL._AC_UY218_.jpg,4.2 out of 5 stars,"16,990"
422,"SIMTAC Super Grip Mobile Holder for All Bikes/Scooters| Ideal for Maps and GPS Navigation (MH01, Black)",https://m.media-amazon.com/images/I/61tORD3Y8IL._AC_UY218_.jpg,4.4 out of 5 stars,999
423,"pTron 20W Type C Mobile Charger, Fast Charging Compatible for iPhone 14/13/12/11/X/8 & Other Type C Enabled Devices, 20W PD Charger, Single Port, Power Delivery Compatible Adapter, Volta FC18 (White)",https://m.media-amazon.com/images/I/41HcBV27NuL._AC_UY218_.jpg,4.2 out of 5 stars,351.
424,"Redmi 13 5G, Black Diamond, 8GB+128GB | India Debut SD 4 Gen 2 AE | 108MP Pro Grade Camera | 6.79in Largest Display in Segment",https://m.media-amazon.com/images/I/81ndCd07RuL._AC_UY218_.jpg,3.8 out of 5 stars,"15,498"
425,"itel A50|6.6"" HD+ Display with Dynamic Bar| 3GB RAM +64GB ROM, Upto 8GB RAM with Memory Fusion|Octacore Processor|8MP AI Dual Rear Cam|5000 mAh Battery | Lime Green",https://m.media-amazon.com/images/I/61kpTcq7YQL._AC_UY218_.jpg,3.8 out of 5 stars,"5,999"
